"Panel","PanelLabel","SampleID","SamplePlotID","SampleIndex","Alpha","Gamma","Beta","Turnover","RegionShort","Ocean.region","Layer","Depth.nominal","Temperature","Oxygen","ChlorophyllA","PO4","NO3"
"a","Arctic Ocean","TARA_B110000263","S1",1,0.410326599068478,0.379148616749428,0.109210045195111,-0.0311779823190492,"Arctic Ocean","[AO] Arctic Ocean (MRGID:1906)","MES",299,1.59404,293.889,0,NA,NA
"a","Arctic Ocean","TARA_B110000116","S2",2,0.395626861150247,0.379148616749428,0.109210045195111,-0.0164782444008184,"Arctic Ocean","[AO] Arctic Ocean (MRGID:1906)","MIX",199,1.47689,296.228,0.008083,0.730535,11.691602
"a","Arctic Ocean","TARA_B110000196","S3",3,0.393123814798589,0.379148616749428,0.109210045195111,-0.0139751980491606,"Arctic Ocean","[AO] Arctic Ocean (MRGID:1906)","MES",499,0.099535,315.37205,0,NA,13.010683
"a","Arctic Ocean","TARA_B110000495","S4",4,0.385867118233798,0.379148616749428,0.109210045195111,-0.00671850148436937,"Arctic Ocean","[AO] Arctic Ocean (MRGID:1906)","MES",411,3.03554,230.0861,0,NA,13.409788
"a","Arctic Ocean","TARA_B110000438","S5",5,0.38351549248249,0.379148616749428,0.109210045195111,-0.00436687573306194,"Arctic Ocean","[AO] Arctic Ocean (MRGID:1906)","MES",391,4.791395,271.8744,0,0.851461,16.017641
"a","Arctic Ocean","TARA_B110001454","S6",6,0.380217395495195,0.379148616749428,0.109210045195111,-0.00106877874576672,"Arctic Ocean","[AO] Arctic Ocean (MRGID:1906)","MES",651,0.22498,295.31095,0,NA,14.950381
"a","Arctic Ocean","TARA_B110000467","S7",7,0.375772506560835,0.379148616749428,0.109210045195111,0.00337611018859352,"Arctic Ocean","[AO] Arctic Ocean (MRGID:1906)","MES",351,4.20173,273.02835,0,NA,10.622333
"a","Arctic Ocean","TARA_B110000914","S8",8,0.368288895883471,0.379148616749428,0.109210045195111,0.0108597208659575,"Arctic Ocean","[AO] Arctic Ocean (MRGID:1906)","MES",441,0.994025,233.314,0,NA,10.238791
"a","Arctic Ocean","TARA_B110000881","S9",9,0.368188171142746,0.379148616749428,0.109210045195111,0.0109604456066826,"Arctic Ocean","[AO] Arctic Ocean (MRGID:1906)","MES",491,1.230869,227.316,0,NA,22.810319
"a","Arctic Ocean","TARA_B110000285","S10",10,0.355604358912134,0.379148616749428,0.109210045195111,0.023544257837294,"Arctic Ocean","[AO] Arctic Ocean (MRGID:1906)","SRF",5,1.48885,340.44375,0.431723,1.195806,NA
"a","Arctic Ocean","TARA_B110000444","S11",11,0.318634470792895,0.379148616749428,0.109210045195111,0.0605141459565337,"Arctic Ocean","[AO] Arctic Ocean (MRGID:1906)","SRF",5,5.295265,293.84675,0.613636,0.511975,8.286479
"a","Arctic Ocean","TARA_B110000305","S12",12,0.293181365927729,0.379148616749428,0.109210045195111,0.0859672508216998,"Arctic Ocean","[AO] Arctic Ocean (MRGID:1906)","SRF",5,2.5694,336.04075,0.485962,0.430504,1.604622
"a","Arctic Ocean","TARA_B110000459","S13",13,0.289223762682457,0.379148616749428,0.109210045195111,0.0899248540669714,"Arctic Ocean","[AO] Arctic Ocean (MRGID:1906)","SRF",5,2.496125,323.901563,0.825917,NA,6.131005
"a","Arctic Ocean","TARA_B110000211","S14",14,0.287583864396014,0.379148616749428,0.109210045195111,0.0915647523534139,"Arctic Ocean","[AO] Arctic Ocean (MRGID:1906)","DCM",30,-1.533492,356.223917,0.509085,0.482771,NA
"a","Arctic Ocean","TARA_B110000908","S15",15,0.269262648772522,0.379148616749428,0.109210045195111,0.109885967976906,"Arctic Ocean","[AO] Arctic Ocean (MRGID:1906)","DCM",36,-0.409335,343.877833,0.879487,0.6443,5.355932
"a","Arctic Ocean","TARA_B110000037","S16",16,0.264395339123701,0.379148616749428,0.109210045195111,0.114753277625728,"Arctic Ocean","[AO] Arctic Ocean (MRGID:1906)","MIX",NA,3.1072,303.31905,0.321278,0.098435,0
"a","Arctic Ocean","TARA_B110000091","S17",17,0.261912672933521,0.379148616749428,0.109210045195111,0.117235943815907,"Arctic Ocean","[AO] Arctic Ocean (MRGID:1906)","DCM",35,-1.29785,348.000625,2.003142,0.209065,4.427788
"a","Arctic Ocean","TARA_B110000967","S18",18,0.259677861463925,0.379148616749428,0.109210045195111,0.119470755285503,"Arctic Ocean","[AO] Arctic Ocean (MRGID:1906)","DCM",35,-0.987833,396.848083,0.544297,0.866194,0
"a","Arctic Ocean","TARA_B110000483","S19",19,0.257818134931779,0.379148616749428,0.109210045195111,0.121330481817649,"Arctic Ocean","[AO] Arctic Ocean (MRGID:1906)","SRF",5,1.445315,328.54665,0.771475,0.220883,3.615087
"a","Arctic Ocean","TARA_B110000093","S20",20,0.247078336290335,0.379148616749428,0.109210045195111,0.132070280459093,"Arctic Ocean","[AO] Arctic Ocean (MRGID:1906)","MIX",NA,1.025705,314.71675,0.514823,0.35669,NA
"a","Arctic Ocean","TARA_B110000971","S21",21,0.242181951627112,0.379148616749428,0.109210045195111,0.136966665122316,"Arctic Ocean","[AO] Arctic Ocean (MRGID:1906)","SRF",5,-0.585333,368.662625,0.404899,0.361653,0
"a","Arctic Ocean","TARA_B110000977","S22",22,0.239226025228097,0.379148616749428,0.109210045195111,0.139922591521331,"Arctic Ocean","[AO] Arctic Ocean (MRGID:1906)","SRF",5,2.4534,339.4475,0.58652,1.614977,0
"a","Arctic Ocean","TARA_B110000240","S23",23,0.232737743709131,0.379148616749428,0.109210045195111,0.146410873040298,"Arctic Ocean","[AO] Arctic Ocean (MRGID:1906)","DCM",17,-1.647244,373.061,1.375654,0.307592,NA
"a","Arctic Ocean","TARA_B110000902","S24",24,0.229873832219579,0.379148616749428,0.109210045195111,0.149274784529849,"Arctic Ocean","[AO] Arctic Ocean (MRGID:1906)","SRF",5,-1.32986,368.52475,0.79676,0.526245,3.75923
"a","Arctic Ocean","TARA_B110000046","S25",25,0.229004914323172,0.379148616749428,0.109210045195111,0.150143702426256,"Arctic Ocean","[AO] Arctic Ocean (MRGID:1906)","DCM",40,3.824545,326.3609,1.1063,0.098435,0
"a","Arctic Ocean","TARA_B110000879","S26",26,0.228973695104692,0.379148616749428,0.109210045195111,0.150174921644737,"Arctic Ocean","[AO] Arctic Ocean (MRGID:1906)","SRF",5,-0.479225,353.1935,1.1319,0.560568,3.880872
"a","Arctic Ocean","TARA_B110001450","S27",27,0.214965743562611,0.379148616749428,0.109210045195111,0.164182873186817,"Arctic Ocean","[AO] Arctic Ocean (MRGID:1906)","SRF",5,8.47447,311.7827,1.174328,0.356899,5.218798
"a","Arctic Ocean","TARA_B110000503","S28",28,0.210722248287185,0.379148616749428,0.109210045195111,0.168426368462243,"Arctic Ocean","[AO] Arctic Ocean (MRGID:1906)","SRF",5,2.507887,357.164917,0.547446,0.238302,NA
"a","Arctic Ocean","TARA_B110000259","S29",29,0.205254910811902,0.379148616749428,0.109210045195111,0.173893705937526,"Arctic Ocean","[AO] Arctic Ocean (MRGID:1906)","SRF",5,0.10149,363.6485,0.815481,NA,NA
"a","Arctic Ocean","TARA_B110000090","S30",30,0.203384948929846,0.379148616749428,0.109210045195111,0.175763667819582,"Arctic Ocean","[AO] Arctic Ocean (MRGID:1906)","SRF",5,-0.160312,385.28075,0.417069,0.056871,2.099614
"a","Arctic Ocean","TARA_B110001469","S31",31,0.201954211150147,0.379148616749428,0.109210045195111,0.177194405599281,"Arctic Ocean","[AO] Arctic Ocean (MRGID:1906)","SRF",5,1.899612,363.000813,2.780097,0.290483,4.980653
"a","Arctic Ocean","TARA_B110001452","S32",32,0.193817966262532,0.379148616749428,0.109210045195111,0.185330650486897,"Arctic Ocean","[AO] Arctic Ocean (MRGID:1906)","DCM",25,6.73489,304.0473,0.764172,0.709183,8.063879
"a","Arctic Ocean","TARA_B110000261","S33",33,0.192324352878048,0.379148616749428,0.109210045195111,0.186824263871381,"Arctic Ocean","[AO] Arctic Ocean (MRGID:1906)","DCM",20,-0.607125,371.05845,0.892787,NA,NA
"a","Arctic Ocean","TARA_B110000858","S34",34,0.184501965326107,0.379148616749428,0.109210045195111,0.194646651423321,"Arctic Ocean","[AO] Arctic Ocean (MRGID:1906)","SRF",5,3.1965,303.326,0.39292,0.312072,1.791002
"a","Arctic Ocean","TARA_B110000027","S35",35,0.183644124852214,0.379148616749428,0.109210045195111,0.195504491897214,"Arctic Ocean","[AO] Arctic Ocean (MRGID:1906)","SRF",5,7.48766,299.0073,0.825342,0,0
"a","Arctic Ocean","TARA_B110000238","S36",36,0.172171312721835,0.379148616749428,0.109210045195111,0.206977304027594,"Arctic Ocean","[AO] Arctic Ocean (MRGID:1906)","SRF",5,-1.649738,388.303875,1.417326,0.216027,NA
"a","Arctic Ocean","TARA_B110000208","S37",37,0.1662806775531,0.379148616749428,0.109210045195111,0.212867939196328,"Arctic Ocean","[AO] Arctic Ocean (MRGID:1906)","SRF",5,1.325833,348.196667,0.119264,0.047034,NA
"a","Arctic Ocean","TARA_B110000114","S38",38,0.161345423473908,0.379148616749428,0.109210045195111,0.217803193275521,"Arctic Ocean","[AO] Arctic Ocean (MRGID:1906)","SRF",5,1.365705,369.289812,1.019477,0.063634,2.150477
"b","North Atlantic Ocean","TARA_B100001146","S1",1,0.430263211969398,0.502589980902294,0.1349721086974,0.0723267689328966,"North Atlantic Ocean","[NAO] North Atlantic Ocean (MRGID:1912)","MES",590,5.004169,232.660562,0,NA,19.964889
"b","North Atlantic Ocean","TARA_B100001559","S2",2,0.418928501447843,0.502589980902294,0.1349721086974,0.0836614794544508,"North Atlantic Ocean","[NAO] North Atlantic Ocean (MRGID:1912)","DCM",80,16.74703,228.11655,0.16463,0.022,1.005795
"b","North Atlantic Ocean","TARA_B100001750","S3",3,0.410324405495693,0.502589980902294,0.1349721086974,0.0922655754066013,"North Atlantic Ocean","[NAO] North Atlantic Ocean (MRGID:1912)","MES",250,18.129194,192.246187,0,0.179,3.578039
"b","North Atlantic Ocean","TARA_B110000014","S4",4,0.410050965845099,0.502589980902294,0.1349721086974,0.0925390150571952,"North Atlantic Ocean","[NAO] North Atlantic Ocean (MRGID:1912)","MES",751,8.923581,208.76175,0,NA,13.716288
"b","North Atlantic Ocean","TARA_B100001765","S5",5,0.405193554322894,0.502589980902294,0.1349721086974,0.0973964265794006,"North Atlantic Ocean","[NAO] North Atlantic Ocean (MRGID:1912)","MES",740,10.496305,152.7195,0.00482,1.34475,20.172519
"b","North Atlantic Ocean","TARA_B100001179","S6",6,0.404461653217844,0.502589980902294,0.1349721086974,0.0981283276844506,"North Atlantic Ocean","[NAO] North Atlantic Ocean (MRGID:1912)","MES",800,10.167675,174.851333,0,NA,17.58633
"b","North Atlantic Ocean","TARA_B100001167","S7",7,0.401372447793785,0.502589980902294,0.1349721086974,0.101217533108509,"North Atlantic Ocean","[NAO] North Atlantic Ocean (MRGID:1912)","MES",640,10.6855,137.3344,0.007712,1.3135,21.943329
"b","North Atlantic Ocean","TARA_B100001142","S8",8,0.398973844807685,0.502589980902294,0.1349721086974,0.103616136094609,"North Atlantic Ocean","[NAO] North Atlantic Ocean (MRGID:1912)","SRF",5,13.993715,236.78925,0.169817,0.33275,5.013141
"b","North Atlantic Ocean","TARA_B100002049","S9",9,0.395282794289788,0.502589980902294,0.1349721086974,0.107307186612506,"North Atlantic Ocean","[NAO] North Atlantic Ocean (MRGID:1912)","MES",640,9.735075,108.231313,0,1.2175,31.001404
"b","North Atlantic Ocean","TARA_B100001758","S10",10,0.378140890793386,0.502589980902294,0.1349721086974,0.124449090108908,"North Atlantic Ocean","[NAO] North Atlantic Ocean (MRGID:1912)","SRF",5,18.82554,220.9492,0.156401,NA,0.808032
"b","North Atlantic Ocean","TARA_B100001175","S11",11,0.374765856609496,0.502589980902294,0.1349721086974,0.127824124292798,"North Atlantic Ocean","[NAO] North Atlantic Ocean (MRGID:1912)","MIX",25,14.29128,241.1573,0.119381,0.167,3.283695
"b","North Atlantic Ocean","TARA_B100001769","S12",12,0.372058752899565,0.502589980902294,0.1349721086974,0.130531228002729,"North Atlantic Ocean","[NAO] North Atlantic Ocean (MRGID:1912)","SRF",5,17.627142,229.368083,0.191003,0.0055,0.120853
"b","North Atlantic Ocean","TARA_B100001741","S13",13,0.370576132963997,0.502589980902294,0.1349721086974,0.132013847938297,"North Atlantic Ocean","[NAO] North Atlantic Ocean (MRGID:1912)","SRF",5,20.481195,213.6889,0.120903,0.0015,1.009924
"b","North Atlantic Ocean","TARA_B100001778","S14",14,0.364745795998582,0.502589980902294,0.1349721086974,0.137844184903713,"North Atlantic Ocean","[NAO] North Atlantic Ocean (MRGID:1912)","DCM",40,17.585567,229.097917,0.21402,0,0.61356
"b","North Atlantic Ocean","TARA_B100002052","S15",15,0.362747278192771,0.502589980902294,0.1349721086974,0.139842702709523,"North Atlantic Ocean","[NAO] North Atlantic Ocean (MRGID:1912)","DCM",125,24.961605,193.38225,0.114913,NA,0
"b","North Atlantic Ocean","TARA_B100001540","S16",16,0.357266445450583,0.502589980902294,0.1349721086974,0.145323535451711,"North Atlantic Ocean","[NAO] North Atlantic Ocean (MRGID:1912)","SRF",5,19.312775,213.9635,0.126112,NA,1.279722
"b","North Atlantic Ocean","TARA_B100002051","S17",17,0.350048050005727,0.502589980902294,0.1349721086974,0.152541930896568,"North Atlantic Ocean","[NAO] North Atlantic Ocean (MRGID:1912)","SRF",5,24.98456,195.54125,0.123459,0.003,0
"b","North Atlantic Ocean","TARA_B100001564","S18",18,0.349493453879215,0.502589980902294,0.1349721086974,0.153096527023079,"North Atlantic Ocean","[NAO] North Atlantic Ocean (MRGID:1912)","SRF",5,17.303005,232.28725,0.111686,0.0125,0.296016
"b","North Atlantic Ocean","TARA_B100001939","S19",19,0.341526858927716,0.502589980902294,0.1349721086974,0.161063121974579,"North Atlantic Ocean","[NAO] North Atlantic Ocean (MRGID:1912)","SRF",5,27.1673,195.502875,0.094165,0.0132,0
"b","North Atlantic Ocean","TARA_B100001173","S20",20,0.338717688658687,0.502589980902294,0.1349721086974,0.163872292243607,"North Atlantic Ocean","[NAO] North Atlantic Ocean (MRGID:1912)","SRF",5,14.31675,242.8405,0.191493,0.1595,3.209219
"b","North Atlantic Ocean","TARA_X000000368","S21",21,0.329380533250368,0.502589980902294,0.1349721086974,0.173209447651926,"North Atlantic Ocean","[NAO] North Atlantic Ocean (MRGID:1912)","DCM",40,16.3584,NA,0.535777,NA,NA
"b","North Atlantic Ocean","TARA_B110000008","S22",22,0.300562368145311,0.502589980902294,0.1349721086974,0.202027612756983,"North Atlantic Ocean","[NAO] North Atlantic Ocean (MRGID:1912)","DCM",40,10.79018,266.473125,0.789471,0.566253,7.129639
"b","North Atlantic Ocean","TARA_Y200000002","S23",23,0.279217491134488,0.502589980902294,0.1349721086974,0.223372489767806,"North Atlantic Ocean","[NAO] North Atlantic Ocean (MRGID:1912)","SRF",9,20.238088,NA,0.180403,NA,NA
"b","North Atlantic Ocean","TARA_B110000003","S24",24,0.278729956817539,0.502589980902294,0.1349721086974,0.223860024084755,"North Atlantic Ocean","[NAO] North Atlantic Ocean (MRGID:1912)","SRF",5,11.09547,271.064125,0.772148,0.401861,4.467439
