"Panel","PanelLabel","Taxon","Covariate","n","slope","std_error","statistic","p","r_squared","q","CovariateLabel","Significant"
"a","Arctic Ocean","Chloroplast (class)","Depth.nominal",36,-0.000760836138770626,0.000155093514154652,-4.9056605810863,2.27564429153105e-05,0.41445442404133,0.000108093103847725,"Depth (m)",TRUE
"a","Arctic Ocean","NS9 (family)","Depth.nominal",36,-0.000160676321694337,0.000111317836142099,-1.44340141043732,0.158058687261426,0.0577386607418108,0.187694691122944,"Depth (m)",FALSE
"a","Arctic Ocean","SAR11 (order)","Depth.nominal",36,0.00022671449334056,8.180389318567e-05,2.77143891948989,0.00898489029540662,0.184278135401139,0.0155193559647932,"Depth (m)",TRUE
"a","Arctic Ocean","Cryomorphaceae (family)","Depth.nominal",36,-0.000390559358871708,0.000105421800348162,-3.7047304976946,0.000748111252862654,0.287585541974655,0.00203058768634149,"Depth (m)",TRUE
"a","Arctic Ocean","NS5 (genus)","Depth.nominal",36,-0.000247979730300799,9.21977116244604e-05,-2.6896516836651,0.0110038810659402,0.175442268467963,0.0174228116877387,"Depth (m)",TRUE
"a","Arctic Ocean","OM182 (family)","Depth.nominal",36,-0.000150110165382747,8.12355337101523e-05,-1.84783872927257,0.0733407606523345,0.0912616029106223,0.0995338894567397,"Depth (m)",FALSE
"a","Arctic Ocean","Polaribacter (genus)","Depth.nominal",36,-0.000224399174409418,7.50965168190905e-05,-2.9881435772847,0.00518171938303007,0.207994633335914,0.0104774155745241,"Depth (m)",TRUE
"a","Arctic Ocean","Marinimicrobia (phylum)","Depth.nominal",36,0.000514017295000575,9.00626965141424e-05,5.70732739408773,2.06730434614805e-06,0.489286937186668,1.96393912884065e-05,"Depth (m)",TRUE
"a","Arctic Ocean","SAR92 (genus)","Depth.nominal",36,-0.000265025159418784,7.06900216891463e-05,-3.74911696284677,0.000660440663318065,0.292490296416643,0.00203058768634149,"Depth (m)",TRUE
"a","Arctic Ocean","AEGEAN-169 (genus)","Depth.nominal",36,5.24713239860247e-05,7.55756731929559e-05,0.694288542452776,0.492218398519999,0.0139793535413814,0.492218398519999,"Depth (m)",FALSE
"a","Arctic Ocean","Piscirickettsiaceae (family)","Depth.nominal",36,-0.000244633147678822,9.62554684170476e-05,-2.54149869822352,0.0157668209243708,0.159647574279517,0.0230438151971573,"Depth (m)",TRUE
"a","Arctic Ocean","Marine (family)","Depth.nominal",36,0.000453876384771367,7.66858423841666e-05,5.91864639756607,1.09829245548663e-06,0.507463201356965,1.96393912884065e-05,"Depth (m)",TRUE
"a","Arctic Ocean","Marinoscillum (genus)","Depth.nominal",36,-0.00012672475472943,7.48458754786542e-05,-1.6931427940284,0.0995730635466483,0.0777593327355399,0.126125880492421,"Depth (m)",FALSE
"a","Arctic Ocean","NS7 (family)","Depth.nominal",36,-0.000143865325484117,0.000113007302562071,-1.2730622023749,0.211632035824798,0.045498486714488,0.236529922392421,"Depth (m)",FALSE
"a","Arctic Ocean","SAR86 (family)","Depth.nominal",36,0.0003287425286475,6.02096134441543e-05,5.45996743447648,4.33808016360751e-06,0.467178546235926,2.74745077028476e-05,"Depth (m)",TRUE
"a","Arctic Ocean","Formosa (genus)","Depth.nominal",36,-0.000281046812383919,6.15424120407516e-05,-4.5667175377822,6.21697632833501e-05,0.380183094339241,0.00023624510047673,"Depth (m)",TRUE
"a","Arctic Ocean","NS11-12 (family)","Depth.nominal",36,-0.000263945199004091,7.94679363984935e-05,-3.32140497118904,0.00214858404520275,0.244976836153428,0.00510288710735652,"Depth (m)",TRUE
"a","Arctic Ocean","Flavobacteriaceae (family)","Depth.nominal",36,-0.000150710011748358,5.08467956059247e-05,-2.96400215495187,0.00551442924974951,0.205334705444107,0.0104774155745241,"Depth (m)",TRUE
"a","Arctic Ocean","Phaeocystis (family)","Depth.nominal",36,-6.91256905388774e-05,9.12882173981951e-05,-0.757224672679873,0.454131300615226,0.0165846975983952,0.479360817316072,"Depth (m)",FALSE
"a","Arctic Ocean","Chloroplast (class)","Temperature",38,-0.00863467051525853,0.0141760706514129,-0.609101825716277,0.546281884746086,0.0102005714096478,0.576630878343091,"Temperature (°C)",FALSE
"a","Arctic Ocean","NS9 (family)","Temperature",38,-0.0278769445159131,0.00719406360790958,-3.8749927767199,0.000433491588229321,0.294333069456762,0.00187064707851504,"Temperature (°C)",TRUE
"a","Arctic Ocean","SAR11 (order)","Temperature",38,0.0210131996012112,0.00531596333255371,3.95284886043726,0.000345883722574695,0.302663628897415,0.00187064707851504,"Temperature (°C)",TRUE
"a","Arctic Ocean","Cryomorphaceae (family)","Temperature",38,0.00561664066194429,0.00899574574621661,0.62436631941343,0.536324137837263,0.0107126981757598,0.576630878343091,"Temperature (°C)",FALSE
"a","Arctic Ocean","NS5 (genus)","Temperature",38,0.00577754912646406,0.00709032899929145,0.814849230133245,0.420516733607052,0.0181098528067028,0.532654529235599,"Temperature (°C)",FALSE
"a","Arctic Ocean","OM182 (family)","Temperature",38,-0.024376704941991,0.00440693685571224,-5.53143957812649,2.94009840515844e-06,0.459433679530739,5.58618696980103e-05,"Temperature (°C)",TRUE
"a","Arctic Ocean","Polaribacter (genus)","Temperature",38,-0.0181358017012052,0.00514155321260536,-3.52730020507078,0.00116647148659754,0.256840883963828,0.00369382637422553,"Temperature (°C)",TRUE
"a","Arctic Ocean","Marinimicrobia (phylum)","Temperature",38,0.0108678057331365,0.00864002497160851,1.2578442503174,0.216546133670184,0.0420990077796068,0.374034230884863,"Temperature (°C)",FALSE
"a","Arctic Ocean","SAR92 (genus)","Temperature",38,-0.0110282706825869,0.00571393049958986,-1.93006734740272,0.0615066118624276,0.0937733156705825,0.166946517912303,"Temperature (°C)",FALSE
"a","Arctic Ocean","AEGEAN-169 (genus)","Temperature",38,0.00253722477414942,0.00538140501428338,0.471479988481649,0.640142987307553,0.00613692173517168,0.640142987307553,"Temperature (°C)",FALSE
"a","Arctic Ocean","Piscirickettsiaceae (family)","Temperature",38,-0.0116804713223449,0.00754264315735879,-1.54859126683584,0.130227256213167,0.0624544634064568,0.27492420756113,"Temperature (°C)",FALSE
"a","Arctic Ocean","Marine (family)","Temperature",38,0.00809429023052848,0.00756932051969432,1.0693549321195,0.292027700962653,0.030786526741294,0.42982068758622,"Temperature (°C)",FALSE
"a","Arctic Ocean","Marinoscillum (genus)","Temperature",38,0.00940005808199176,0.00535917373327376,1.75401256795039,0.0879388197869094,0.078731599750796,0.20885469699391,"Temperature (°C)",FALSE
"a","Arctic Ocean","NS7 (family)","Temperature",38,0.0262280306121964,0.00684639458790188,3.83092593852878,0.000492275546977643,0.289604456063168,0.00187064707851504,"Temperature (°C)",TRUE
"a","Arctic Ocean","SAR86 (family)","Temperature",38,0.0060699065532789,0.0057008902268131,1.06472959691983,0.294087838874782,0.0305288906850969,0.42982068758622,"Temperature (°C)",FALSE
"a","Arctic Ocean","Formosa (genus)","Temperature",38,0.00374133981345318,0.00551570075581715,0.678307250353886,0.501914041814584,0.0126192938780345,0.576630878343091,"Temperature (°C)",FALSE
"a","Arctic Ocean","NS11-12 (family)","Temperature",38,-0.0236614270023268,0.00506281670091703,-4.67356975377779,4.0557219449407e-05,0.377617617589806,0.000385293584769366,"Temperature (°C)",TRUE
"a","Arctic Ocean","Flavobacteriaceae (family)","Temperature",38,-0.00422003507437985,0.00433950461170516,-0.97246931435375,0.33730629314441,0.0255969342907218,0.457772826410271,"Temperature (°C)",FALSE
"a","Arctic Ocean","Phaeocystis (family)","Temperature",38,-0.00834650130218972,0.00655560198302648,-1.27318609699005,0.211112386622438,0.0430877093991233,0.374034230884863,"Temperature (°C)",FALSE
"a","Arctic Ocean","Chloroplast (class)","Oxygen",38,0.00330256940257606,0.000626472090299819,5.27169438784656,6.53490503740625e-06,0.435654959590169,3.10407989276797e-05,"Oxygen (µmol kg-1)",TRUE
"a","Arctic Ocean","NS9 (family)","Oxygen",38,0.0010294532638866,0.000470930290608655,2.18599925385152,0.0354006396282382,0.117183855964829,0.0560510127447104,"Oxygen (µmol kg-1)",FALSE
"a","Arctic Ocean","SAR11 (order)","Oxygen",38,-0.00135761732586094,0.000295990739578408,-4.58668851530506,5.27313570528221e-05,0.36883863271748,0.00016698263066727,"Oxygen (µmol kg-1)",TRUE
"a","Arctic Ocean","Cryomorphaceae (family)","Oxygen",38,0.000895144590940904,0.000507866035805503,1.76256045459145,0.0864636423787834,0.0794397318725495,0.115875304882414,"Oxygen (µmol kg-1)",FALSE
"a","Arctic Ocean","NS5 (genus)","Oxygen",38,0.000192645629678738,0.000417543584274415,0.461378493010513,0.647302786799274,0.00587829998405612,0.683264052732567,"Oxygen (µmol kg-1)",FALSE
"a","Arctic Ocean","OM182 (family)","Oxygen",38,0.000996352000695398,0.000309006595106074,3.22437131270087,0.00268483525981668,0.224080579254316,0.00566798554850187,"Oxygen (µmol kg-1)",TRUE
"a","Arctic Ocean","Polaribacter (genus)","Oxygen",38,0.00121821997738515,0.000283935288793196,4.29048457683059,0.000128072792264493,0.338335734558791,0.000304172881628171,"Oxygen (µmol kg-1)",TRUE
"a","Arctic Ocean","Marinimicrobia (phylum)","Oxygen",38,-0.00207847124743406,0.00038331790624075,-5.42231712527575,4.11324889398257e-06,0.449554102950866,2.60505763285563e-05,"Oxygen (µmol kg-1)",TRUE
"a","Arctic Ocean","SAR92 (genus)","Oxygen",38,0.00124680139712167,0.000283235772346213,4.40199126965377,9.18392747220951e-05,0.3499168009034,0.000249278031388544,"Oxygen (µmol kg-1)",TRUE
"a","Arctic Ocean","AEGEAN-169 (genus)","Oxygen",38,-0.000267170806263556,0.000312767895694124,-0.854214290986053,0.398635043752184,0.0198662774655564,0.445533284193617,"Oxygen (µmol kg-1)",FALSE
"a","Arctic Ocean","Piscirickettsiaceae (family)","Oxygen",38,0.00111595671438193,0.000416240519790661,2.68103815299668,0.011004783059336,0.166434456489304,0.0209090878127385,"Oxygen (µmol kg-1)",TRUE
"a","Arctic Ocean","Marine (family)","Oxygen",38,-0.00196101430032206,0.000309291783570659,-6.3403375210388,2.44447832301573e-07,0.527558310375739,4.64450881372989e-06,"Oxygen (µmol kg-1)",TRUE
"a","Arctic Ocean","Marinoscillum (genus)","Oxygen",38,-1.02070132380173e-05,0.000326772849569643,-0.0312358057025236,0.97525402044632,2.7101364326308e-05,0.97525402044632,"Oxygen (µmol kg-1)",FALSE
"a","Arctic Ocean","NS7 (family)","Oxygen",38,-0.00043018551081857,0.000469962063728209,-0.915362204782889,0.366092511787782,0.0227452770017538,0.434734857747991,"Oxygen (µmol kg-1)",FALSE
"a","Arctic Ocean","SAR86 (family)","Oxygen",38,-0.0012982407156721,0.000260786706536325,-4.97817060123525,1.60600575021e-05,0.407721169287258,6.10282185079798e-05,"Oxygen (µmol kg-1)",TRUE
"a","Arctic Ocean","Formosa (genus)","Oxygen",38,0.000746397484233481,0.000300105405695226,2.4871177595231,0.0176494406394549,0.146631363749016,0.0304853974681495,"Oxygen (µmol kg-1)",TRUE
"a","Arctic Ocean","NS11-12 (family)","Oxygen",38,0.00151511032950311,0.000278029006913894,5.44946855121609,3.78365859047259e-06,0.452027333255629,2.60505763285563e-05,"Oxygen (µmol kg-1)",TRUE
"a","Arctic Ocean","Flavobacteriaceae (family)","Oxygen",38,0.000491343430378484,0.000243906872976496,2.01447144306521,0.0514774293240775,0.101305246172547,0.0752362428582671,"Oxygen (µmol kg-1)",FALSE
"a","Arctic Ocean","Phaeocystis (family)","Oxygen",38,0.000653352405078792,0.000376795314399412,1.7339716819998,0.0914805038545374,0.0770806309491468,0.115875304882414,"Oxygen (µmol kg-1)",FALSE
"a","Arctic Ocean","Chloroplast (class)","ChlorophyllA",38,0.16307069050397,0.054206084801353,3.00834659248255,0.00477163558228691,0.200890549245569,0.0129515822947787,"Chlorophyll a (mg m-3)",TRUE
"a","Arctic Ocean","NS9 (family)","ChlorophyllA",38,0.0709771916968076,0.0344716481929587,2.05900197459388,0.0467845749703371,0.105356435255418,0.0810124241616716,"Chlorophyll a (mg m-3)",FALSE
"a","Arctic Ocean","SAR11 (order)","ChlorophyllA",38,-0.0748281973143465,0.0240495729998748,-3.11141479787338,0.00363455764736155,0.211924493851076,0.0115094325499783,"Chlorophyll a (mg m-3)",TRUE
"a","Arctic Ocean","Cryomorphaceae (family)","ChlorophyllA",38,0.0453637618117137,0.0377392824689795,1.20203032076726,0.237199289743286,0.038586771061086,0.300452433674828,"Chlorophyll a (mg m-3)",FALSE
"a","Arctic Ocean","NS5 (genus)","ChlorophyllA",38,0.000168994256800651,0.0304507075039565,0.00554976454253792,0.995602591802509,8.55551670186697e-07,0.995602591802509,"Chlorophyll a (mg m-3)",FALSE
"a","Arctic Ocean","OM182 (family)","ChlorophyllA",38,0.0232198873354894,0.0252126358898834,0.920962307824644,0.363200868540861,0.0230180097475506,0.431301031392272,"Chlorophyll a (mg m-3)",FALSE
"a","Arctic Ocean","Polaribacter (genus)","ChlorophyllA",38,0.0669974730342273,0.0227932422492107,2.93935686295562,0.00571198027377752,0.193545113002018,0.0135659531502216,"Chlorophyll a (mg m-3)",TRUE
"a","Arctic Ocean","Marinimicrobia (phylum)","ChlorophyllA",38,-0.114860487770285,0.0323245945473478,-3.55334658883477,0.00108433828081226,0.259659469380611,0.0102978904833144,"Chlorophyll a (mg m-3)",TRUE
"a","Arctic Ocean","SAR92 (genus)","ChlorophyllA",38,0.0569382028995184,0.0237152326686158,2.40091268321686,0.0216452725507399,0.13802147849625,0.0456955753848953,"Chlorophyll a (mg m-3)",TRUE
"a","Arctic Ocean","AEGEAN-169 (genus)","ChlorophyllA",38,-0.0404438065762614,0.0219605890133748,-1.84165399897196,0.0737766435251454,0.0861016498433855,0.116813018914814,"Chlorophyll a (mg m-3)",FALSE
"a","Arctic Ocean","Piscirickettsiaceae (family)","ChlorophyllA",38,0.103305004318129,0.0283286598135677,3.64666048439934,0.000833435033589392,0.269749216922921,0.0102978904833144,"Chlorophyll a (mg m-3)",TRUE
"a","Arctic Ocean","Marine (family)","ChlorophyllA",38,-0.0962963342028132,0.0285131256871793,-3.37726334388208,0.00176928479621678,0.240600976729956,0.0102978904833144,"Chlorophyll a (mg m-3)",TRUE
"a","Arctic Ocean","Marinoscillum (genus)","ChlorophyllA",38,-0.00226980281685854,0.0237581345153414,-0.0955379226173188,0.92441741122296,0.000253477251271553,0.97577393406868,"Chlorophyll a (mg m-3)",FALSE
"a","Arctic Ocean","NS7 (family)","ChlorophyllA",38,0.00651148482326597,0.0345509759155446,0.188460228711989,0.851574270825206,0.000985618093173944,0.951759479157583,"Chlorophyll a (mg m-3)",FALSE
"a","Arctic Ocean","SAR86 (family)","ChlorophyllA",38,-0.0699246640761906,0.0217095234817195,-3.2209211839712,0.00270997117981958,0.223708515919845,0.0102978904833144,"Chlorophyll a (mg m-3)",TRUE
"a","Arctic Ocean","Formosa (genus)","ChlorophyllA",38,0.0459815674289707,0.0223445604155651,2.05784166588215,0.0469019297778099,0.105250219958498,0.0810124241616716,"Chlorophyll a (mg m-3)",FALSE
"a","Arctic Ocean","NS11-12 (family)","ChlorophyllA",38,0.0422675357817988,0.0263860816152499,1.60188755564866,0.117920149719681,0.0665363488715312,0.162090649150762,"Chlorophyll a (mg m-3)",FALSE
"a","Arctic Ocean","Flavobacteriaceae (family)","ChlorophyllA",38,0.0288396130894306,0.0180802568081177,1.5950886868201,0.119435215163719,0.0660099520837181,0.162090649150762,"Chlorophyll a (mg m-3)",FALSE
"a","Arctic Ocean","Phaeocystis (family)","ChlorophyllA",38,0.0816381714929057,0.0250642866043595,3.25715121206387,0.0024568368553106,0.227617547578765,0.0102978904833144,"Chlorophyll a (mg m-3)",TRUE
"a","Arctic Ocean","Chloroplast (class)","PO4",28,-0.0786918977728551,0.0968255671662085,-0.812718170168572,0.423759334568881,0.024774875038198,0.741715051004454,"Phosphate (µmol l-1)",FALSE
"a","Arctic Ocean","NS9 (family)","PO4",28,-0.0334001945380917,0.0759256078330317,-0.439906844230239,0.663639782477669,0.00738801223139029,0.741715051004454,"Phosphate (µmol l-1)",FALSE
"a","Arctic Ocean","SAR11 (order)","PO4",28,0.0189408289195835,0.0558226194405501,0.339303836140386,0.737106293937354,0.0044084446845167,0.750096584572891,"Phosphate (µmol l-1)",FALSE
"a","Arctic Ocean","Cryomorphaceae (family)","PO4",28,-0.107027567512154,0.0682916671334799,-1.56721269233276,0.129156440406508,0.086313683954656,0.429515336104912,"Phosphate (µmol l-1)",FALSE
"a","Arctic Ocean","NS5 (genus)","PO4",28,-0.0742417222272416,0.0609479119640947,-1.2181175668656,0.234118262758987,0.0539885257811443,0.556030874052594,"Phosphate (µmol l-1)",FALSE
"a","Arctic Ocean","OM182 (family)","PO4",28,0.0375393927433721,0.0526855158812883,0.712518272155792,0.482489747691703,0.0191522699961859,0.741715051004454,"Phosphate (µmol l-1)",FALSE
"a","Arctic Ocean","Polaribacter (genus)","PO4",28,-0.0640327095646143,0.0459721440085086,-1.39285889195777,0.175459195433128,0.0694363640624793,0.476246387604204,"Phosphate (µmol l-1)",FALSE
"a","Arctic Ocean","Marinimicrobia (phylum)","PO4",28,0.0286542172312413,0.0624623598741943,0.458743750459539,0.650230092489806,0.00802908237280598,0.741715051004454,"Phosphate (µmol l-1)",FALSE
"a","Arctic Ocean","SAR92 (genus)","PO4",28,-0.0710500375121004,0.0457271366979765,-1.55378277851463,0.132325518761863,0.084965877827505,0.429515336104912,"Phosphate (µmol l-1)",FALSE
"a","Arctic Ocean","AEGEAN-169 (genus)","PO4",28,0.0144634420586784,0.0449304082269357,0.321907648504462,0.750096584572891,0.00396973738378912,0.750096584572891,"Phosphate (µmol l-1)",FALSE
"a","Arctic Ocean","Piscirickettsiaceae (family)","PO4",28,-0.180694785217256,0.0577352828806995,-3.12971161136651,0.00428590785376487,0.273643493142626,0.0814322492215325,"Phosphate (µmol l-1)",FALSE
"a","Arctic Ocean","Marine (family)","PO4",28,0.0768509106624132,0.0499021979470617,1.54003057628724,0.135636421927867,0.0835936747800641,0.429515336104912,"Phosphate (µmol l-1)",FALSE
"a","Arctic Ocean","Marinoscillum (genus)","PO4",28,-0.0879413297619632,0.0467187021405253,-1.88235815064905,0.0710249610633734,0.119934995096366,0.429515336104912,"Phosphate (µmol l-1)",FALSE
"a","Arctic Ocean","NS7 (family)","PO4",28,0.0506795231625342,0.0734703355742366,0.689795721857376,0.496433922731987,0.0179718011135504,0.741715051004454,"Phosphate (µmol l-1)",FALSE
"a","Arctic Ocean","SAR86 (family)","PO4",28,0.023128260839987,0.0401334495123804,0.576283900860613,0.569378961560774,0.0126121006247078,0.741715051004454,"Phosphate (µmol l-1)",FALSE
"a","Arctic Ocean","Formosa (genus)","PO4",28,-0.0372661370306297,0.0423896768240446,-0.87913236954643,0.387382574893402,0.0288677910027656,0.741715051004454,"Phosphate (µmol l-1)",FALSE
"a","Arctic Ocean","NS11-12 (family)","PO4",28,-0.0281047717972394,0.0522507393081118,-0.537882758586656,0.595232731532846,0.0110051490686699,0.741715051004454,"Phosphate (µmol l-1)",FALSE
"a","Arctic Ocean","Flavobacteriaceae (family)","PO4",28,-0.087496433846374,0.0327211969561983,-2.67399856929133,0.0127824017841187,0.215692623461978,0.121432816949127,"Phosphate (µmol l-1)",FALSE
"a","Arctic Ocean","Phaeocystis (family)","PO4",28,-0.0269624518653629,0.0558852779479444,-0.482460727679975,0.633515814593143,0.00887319060705179,0.741715051004454,"Phosphate (µmol l-1)",FALSE
"a","Arctic Ocean","Chloroplast (class)","NO3",28,-0.0182701766060404,0.00460680748881643,-3.96590841931063,0.000510941010890764,0.376923592494669,0.00161797986782075,"Nitrate (µmol l-1)",TRUE
"a","Arctic Ocean","NS9 (family)","NO3",28,-0.00153992717919189,0.00419645078220564,-0.366959428124762,0.71661908178454,0.00515251493223471,0.756431252994792,"Nitrate (µmol l-1)",FALSE
"a","Arctic Ocean","SAR11 (order)","NO3",28,0.00748089518072931,0.00306894028002742,2.43761510428038,0.0219305361388153,0.186023838883681,0.0297628704741064,"Nitrate (µmol l-1)",TRUE
"a","Arctic Ocean","Cryomorphaceae (family)","NO3",28,-0.0174220797402328,0.00340692836651453,-5.11372059109552,2.48989547145141e-05,0.50143948116664,0.000118270034893942,"Nitrate (µmol l-1)",TRUE
"a","Arctic Ocean","NS5 (genus)","NO3",28,-0.0108344311357339,0.0034190776509066,-3.16881692723798,0.00389181829827366,0.278607393669845,0.00798799895764762,"Nitrate (µmol l-1)",TRUE
"a","Arctic Ocean","OM182 (family)","NO3",28,-0.00375683783204737,0.00276071525181674,-1.36082047200453,0.185250565873117,0.0664887082935299,0.234650716772614,"Nitrate (µmol l-1)",FALSE
"a","Arctic Ocean","Polaribacter (genus)","NO3",28,-0.00846546230600839,0.00275008650364306,-3.07825310032762,0.00486310331378062,0.267102766165516,0.00839990572380289,"Nitrate (µmol l-1)",TRUE
"a","Arctic Ocean","Marinimicrobia (phylum)","NO3",28,0.0146901364567253,0.00333036282284647,4.41097178840399,0.000159078155582764,0.428026760682077,0.000604496991214503,"Nitrate (µmol l-1)",TRUE
"a","Arctic Ocean","SAR92 (genus)","NO3",28,-0.00791851102465692,0.00252380687637443,-3.13752652739906,0.00420420997770927,0.274635998809085,0.00798799895764762,"Nitrate (µmol l-1)",TRUE
"a","Arctic Ocean","AEGEAN-169 (genus)","NO3",28,0.00303405821370561,0.00274419271046278,1.10562869806397,0.279013391725545,0.0449047164315171,0.331328402674085,"Nitrate (µmol l-1)",FALSE
"a","Arctic Ocean","Piscirickettsiaceae (family)","NO3",28,-0.00890334254509702,0.00326507100497474,-2.72684500016437,0.0112981657583789,0.222387666173141,0.0165127038007076,"Nitrate (µmol l-1)",TRUE
"a","Arctic Ocean","Marine (family)","NO3",28,0.0164711628561566,0.00210135092021437,7.83836849795474,2.58808879767206e-08,0.702653318366529,4.91736871557691e-07,"Nitrate (µmol l-1)",TRUE
"a","Arctic Ocean","Marinoscillum (genus)","NO3",28,-0.0073000466972329,0.00264279023205272,-2.76224976492469,0.0103960326001312,0.22688130753073,0.0164603849502077,"Nitrate (µmol l-1)",TRUE
"a","Arctic Ocean","NS7 (family)","NO3",28,-0.003876857837097,0.00430810809290803,-0.899897995474868,0.376434270212583,0.0302059659830952,0.420720654943475,"Nitrate (µmol l-1)",FALSE
"a","Arctic Ocean","SAR86 (family)","NO3",28,0.010851676208259,0.00187635821643861,5.78337127377299,4.3124691593254e-06,0.562638444941591,2.73123046757275e-05,"Nitrate (µmol l-1)",TRUE
"a","Arctic Ocean","Formosa (genus)","NO3",28,-0.0117783367569665,0.0019921392707287,-5.9124062910813,3.08682749754284e-06,0.57346666127368,2.73123046757275e-05,"Nitrate (µmol l-1)",TRUE
"a","Arctic Ocean","NS11-12 (family)","NO3",28,-0.00781351741926942,0.00232749141218926,-3.35705531644474,0.00243423332322142,0.302384617833428,0.00660720473445815,"Nitrate (µmol l-1)",TRUE
"a","Arctic Ocean","Flavobacteriaceae (family)","NO3",28,-0.00664596195874002,0.00205609662220971,-3.23231986617319,0.00332497735947419,0.28665284122074,0.00789682122875119,"Nitrate (µmol l-1)",TRUE
"a","Arctic Ocean","Phaeocystis (family)","NO3",28,-0.000880112090729559,0.00361794332170044,-0.243263095209547,0.809710650703247,0.00227086732792681,0.809710650703247,"Nitrate (µmol l-1)",FALSE
"b","North Atlantic Ocean","SAR11 (order)","Depth.nominal",24,1.91409361089591e-05,4.13230957268569e-05,0.463201891636569,0.647769251020339,0.00965835160013757,0.68375643163258,"Depth (m)",FALSE
"b","North Atlantic Ocean","Marinimicrobia (phylum)","Depth.nominal",24,0.000123102258262188,3.4662628767158e-05,3.5514403448484,0.00178883800773396,0.364395673534655,0.00283232684557877,"Depth (m)",TRUE
"b","North Atlantic Ocean","Marine (family)","Depth.nominal",24,-4.89623238351035e-05,4.9683766430924e-05,-0.985479309487869,0.335103603298693,0.0422777547621672,0.431406275665952,"Depth (m)",FALSE
"b","North Atlantic Ocean","SAR86 (family)","Depth.nominal",24,-0.00021895351453265,5.85253584971719e-05,-3.74117340166708,0.00113148904649657,0.388827405288171,0.00195439017122135,"Depth (m)",TRUE
"b","North Atlantic Ocean","Marine (class)","Depth.nominal",24,0.000401825646107536,6.34247031172837e-05,6.3354753961479,2.24361492307281e-06,0.645950754442313,1.06571708845958e-05,"Depth (m)",TRUE
"b","North Atlantic Ocean","Chloroplast (class)","Depth.nominal",24,-0.000389452654530067,7.78868897491361e-05,-5.00023374645521,5.26543106936752e-05,0.531938172414976,0.000142918843311404,"Depth (m)",TRUE
"b","North Atlantic Ocean","AEGEAN-169 (genus)","Depth.nominal",24,1.46706499588555e-05,2.33300393696328e-05,0.628830913073866,0.535934942553571,0.0176566534756988,0.598986112265756,"Depth (m)",FALSE
"b","North Atlantic Ocean","Prochlorococcus (genus)","Depth.nominal",24,-0.000270093960332923,7.07308525669205e-05,-3.81861592969461,0.000937742174915579,0.398608505036425,0.00195439017122135,"Depth (m)",TRUE
"b","North Atlantic Ocean","SAR202 (class)","Depth.nominal",24,0.00024499421654037,4.83023717750079e-05,5.07209496215944,4.42523962504738e-05,0.539036749408432,0.0001401325881265,"Depth (m)",TRUE
"b","North Atlantic Ocean","SAR324 (order)","Depth.nominal",24,0.000253313342288234,3.97314108591729e-05,6.37564427767484,2.04644220061917e-06,0.648836275090727,1.06571708845958e-05,"Depth (m)",TRUE
"b","North Atlantic Ocean","NS5 (genus)","Depth.nominal",24,-0.000189901670493812,3.67272563746218e-05,-5.17059234038055,3.48899765246211e-05,0.548579282926286,0.00013258191079356,"Depth (m)",TRUE
"b","North Atlantic Ocean","Syndiniales (genus)","Depth.nominal",24,7.50247079896039e-06,3.86996508791067e-05,0.193864043435359,0.848061188813424,0.00170541691805249,0.848061188813424,"Depth (m)",FALSE
"b","North Atlantic Ocean","NS9 (family)","Depth.nominal",24,-0.000101303119581186,2.70406719479058e-05,-3.74632404758092,0.00111745826992642,0.389481496636071,0.00195439017122135,"Depth (m)",TRUE
"b","North Atlantic Ocean","NS4 (genus)","Depth.nominal",24,-0.000252022696562211,2.89399137150863e-05,-8.70848127065535,1.40306296825583e-08,0.775137680737936,2.66581963968608e-07,"Depth (m)",TRUE
"b","North Atlantic Ocean","ZD0417 (genus)","Depth.nominal",24,-4.01690362802666e-05,4.12359690506602e-05,-0.974126162305467,0.340583901841541,0.0413492968942588,0.431406275665952,"Depth (m)",FALSE
"b","North Atlantic Ocean","Rhodospirillaceae (family)","Depth.nominal",24,-9.63242452308159e-06,1.23845331256832e-05,-0.777778574721217,0.444983891800543,0.0267613859790731,0.528418371513145,"Depth (m)",FALSE
"b","North Atlantic Ocean","OM1 (family)","Depth.nominal",24,-0.000203511898079887,2.97728425840197e-05,-6.83548765978833,7.2422749227358e-07,0.679878430852299,6.88016117659901e-06,"Depth (m)",TRUE
"b","North Atlantic Ocean","Gammaproteobacteria (order)","Depth.nominal",24,-0.000154462791198278,3.22125606754775e-05,-4.79511060155692,8.66272214388192e-05,0.511035981041631,0.000205739650917196,"Depth (m)",TRUE
"b","North Atlantic Ocean","Marinoscillum (genus)","Depth.nominal",24,-6.13257359243668e-05,3.47824505904448e-05,-1.76312292214436,0.0917665820550712,0.123806271025785,0.134120389157412,"Depth (m)",FALSE
"b","North Atlantic Ocean","SAR11 (order)","Temperature",24,0.00419228716446745,0.00202619053545946,2.06904883380911,0.0504903708316982,0.16289216891311,0.119914630725283,"Temperature (°C)",FALSE
"b","North Atlantic Ocean","Marinimicrobia (phylum)","Temperature",24,-0.00267803883103696,0.00224737416439066,-1.19163015819534,0.24610324194779,0.0606312339442232,0.333997256929144,"Temperature (°C)",FALSE
"b","North Atlantic Ocean","Marine (family)","Temperature",24,0.00162804874461218,0.00268525616759052,0.606291781120098,0.550526439026574,0.0164340337243296,0.578165147939943,"Temperature (°C)",FALSE
"b","North Atlantic Ocean","SAR86 (family)","Temperature",24,0.00515202732433231,0.00383849110822074,1.34220118767461,0.193219031842736,0.0756886634584558,0.28631831521871,"Temperature (°C)",FALSE
"b","North Atlantic Ocean","Marine (class)","Temperature",24,-0.0162312515113311,0.00451019847709658,-3.59878874372285,0.00159613219230438,0.370552387940959,0.0075816279134458,"Temperature (°C)",TRUE
"b","North Atlantic Ocean","Chloroplast (class)","Temperature",24,0.00430674645039419,0.00600175286173207,0.717581438225247,0.480566189124153,0.0228703032975008,0.578165147939943,"Temperature (°C)",FALSE
"b","North Atlantic Ocean","AEGEAN-169 (genus)","Temperature",24,0.00078442135896138,0.00124418427036632,0.630470403496122,0.534881736294301,0.0177472063919149,0.578165147939943,"Temperature (°C)",FALSE
"b","North Atlantic Ocean","Prochlorococcus (genus)","Temperature",24,0.0131501455861867,0.00397505150826704,3.30816985863903,0.00319944730335359,0.332199850107014,0.0121578997527436,"Temperature (°C)",TRUE
"b","North Atlantic Ocean","SAR202 (class)","Temperature",24,-0.00641297345719231,0.00353933145702775,-1.81191661053915,0.0836727112908852,0.129851535628399,0.17664239050298,"Temperature (°C)",FALSE
"b","North Atlantic Ocean","SAR324 (order)","Temperature",24,-0.00683041860104432,0.00326579213960098,-2.09150439129873,0.0482439259478478,0.165857504806201,0.119914630725283,"Temperature (°C)",FALSE
"b","North Atlantic Ocean","NS5 (genus)","Temperature",24,0.00374027596375762,0.00280414456987855,1.3338384917578,0.195902005149644,0.0748187796211905,0.28631831521871,"Temperature (°C)",FALSE
"b","North Atlantic Ocean","Syndiniales (genus)","Temperature",24,-0.00115760988375578,0.0020509019006062,-0.564439422194506,0.578165147939943,0.0142747294859274,0.578165147939943,"Temperature (°C)",FALSE
"b","North Atlantic Ocean","NS9 (family)","Temperature",24,0.00249372033845119,0.00176745111281839,1.41091333184016,0.172255250352529,0.0829770863600138,0.28631831521871,"Temperature (°C)",FALSE
"b","North Atlantic Ocean","NS4 (genus)","Temperature",24,0.00974888593657861,0.00250477040427652,3.89212756583751,0.000784328595214574,0.407784781919273,0.00496741443635897,"Temperature (°C)",TRUE
"b","North Atlantic Ocean","ZD0417 (genus)","Temperature",24,0.00347736708271593,0.00212025199529067,1.64007254347105,0.115211892646189,0.108945143889942,0.218902596027759,"Temperature (°C)",FALSE
"b","North Atlantic Ocean","Rhodospirillaceae (family)","Temperature",24,0.000393136276516417,0.000664246050257888,0.591853389815092,0.55998242041515,0.0156727464483647,0.578165147939943,"Temperature (°C)",FALSE
"b","North Atlantic Ocean","OM1 (family)","Temperature",24,0.00635637611490844,0.00245752896410051,2.58649082381617,0.0168415958676245,0.233180550342551,0.0533317202474776,"Temperature (°C)",FALSE
"b","North Atlantic Ocean","Gammaproteobacteria (order)","Temperature",24,0.00737215535242695,0.00188829171545476,3.90414007120266,0.0007617403049161,0.409274017110256,0.00496741443635897,"Temperature (°C)",TRUE
"b","North Atlantic Ocean","Marinoscillum (genus)","Temperature",24,0.00699363380339588,0.00130541894073045,5.35738649500715,2.22733934260776e-05,0.566088559050773,0.000423194475095475,"Temperature (°C)",TRUE
"b","North Atlantic Ocean","SAR11 (order)","Oxygen",22,-0.000568095728746974,0.000314186354478987,-1.80814895570192,0.0856462229251396,0.140502216397339,0.125175248890589,"Oxygen (µmol kg-1)",FALSE
"b","North Atlantic Ocean","Marinimicrobia (phylum)","Oxygen",22,-0.000854640619411436,0.000244091348669771,-3.50131466792653,0.00224826934195463,0.380021907867608,0.00533963968714224,"Oxygen (µmol kg-1)",TRUE
"b","North Atlantic Ocean","Marine (family)","Oxygen",22,0.00027566481759033,0.000391561592329045,0.704013935459425,0.48954069134873,0.0241824957507281,0.581329570976617,"Oxygen (µmol kg-1)",FALSE
"b","North Atlantic Ocean","SAR86 (family)","Oxygen",22,0.00152053978482169,0.000264008085961653,5.75944399310006,1.23240052606414e-05,0.6238564892372,0.000117078049976093,"Oxygen (µmol kg-1)",TRUE
"b","North Atlantic Ocean","Marine (class)","Oxygen",22,-0.00200466860891638,0.000691877137765487,-2.89743438465206,0.00890486928390903,0.295653768516926,0.0169192516394271,"Oxygen (µmol kg-1)",TRUE
"b","North Atlantic Ocean","Chloroplast (class)","Oxygen",22,0.00322759557254458,0.000596033049283935,5.41512853426864,2.66711065375973e-05,0.594514733526013,0.00016891700807145,"Oxygen (µmol kg-1)",TRUE
"b","North Atlantic Ocean","AEGEAN-169 (genus)","Oxygen",22,-0.000316554253617988,0.000141988463234323,-2.2294364373504,0.0374098284079241,0.199051254687623,0.0646169763409598,"Oxygen (µmol kg-1)",FALSE
"b","North Atlantic Ocean","Prochlorococcus (genus)","Oxygen",22,0.00093673901761571,0.000590913555648069,1.58523866758881,0.128597231107277,0.111623670030039,0.17452481364559,"Oxygen (µmol kg-1)",FALSE
"b","North Atlantic Ocean","SAR202 (class)","Oxygen",22,-0.00147904402115296,0.000445461916191912,-3.32024796596925,0.00341390661754159,0.355338770388753,0.00720713619258779,"Oxygen (µmol kg-1)",TRUE
"b","North Atlantic Ocean","SAR324 (order)","Oxygen",22,-0.00196201710081515,0.000327284265799446,-5.99484089472681,7.32619955722726e-06,0.642462046519061,0.000117078049976093,"Oxygen (µmol kg-1)",TRUE
"b","North Atlantic Ocean","NS5 (genus)","Oxygen",22,0.00139166438443113,0.000301401006883153,4.61731829904157,0.000166505248644765,0.51596854001072,0.000683241287067251,"Oxygen (µmol kg-1)",TRUE
"b","North Atlantic Ocean","Syndiniales (genus)","Oxygen",22,6.82136781409088e-06,0.000286444116827449,0.0238139567663036,0.981237007810688,2.83544228472776e-05,0.994588709856723,"Oxygen (µmol kg-1)",FALSE
"b","North Atlantic Ocean","NS9 (family)","Oxygen",22,0.000907065458708639,0.000197864455157749,4.58427693839943,0.000179800338701908,0.51238059629214,0.000683241287067251,"Oxygen (µmol kg-1)",TRUE
"b","North Atlantic Ocean","NS4 (genus)","Oxygen",22,0.00141793147085773,0.00037129812320688,3.81884901170827,0.00107421786784126,0.42169133623746,0.00291573421271198,"Oxygen (µmol kg-1)",TRUE
"b","North Atlantic Ocean","ZD0417 (genus)","Oxygen",22,-2.97362906494569e-05,0.000303712526854083,-0.0979093320827808,0.922978894451916,0.000479082235644746,0.994588709856723,"Oxygen (µmol kg-1)",FALSE
"b","North Atlantic Ocean","Rhodospirillaceae (family)","Oxygen",22,9.20092060758009e-05,9.9944246853551e-05,0.920605327194297,0.368228195016598,0.0406530083927598,0.466422380354357,"Oxygen (µmol kg-1)",FALSE
"b","North Atlantic Ocean","OM1 (family)","Oxygen",22,0.00121139045774021,0.000313666362055132,3.86203496544298,0.000971189639638636,0.427185447696747,0.00291573421271198,"Oxygen (µmol kg-1)",TRUE
"b","North Atlantic Ocean","Gammaproteobacteria (order)","Oxygen",22,0.000599685103771776,0.000300941401993631,1.99269724869717,0.0601193682945961,0.16565301590715,0.0951889997997772,"Oxygen (µmol kg-1)",FALSE
"b","North Atlantic Ocean","Marinoscillum (genus)","Oxygen",22,2.09791780073443e-06,0.000305490492557344,0.0068673750962663,0.994588709856723,2.35803647529199e-06,0.994588709856723,"Oxygen (µmol kg-1)",FALSE
"b","North Atlantic Ocean","SAR11 (order)","ChlorophyllA",24,-0.13736259182561,0.048327869050918,-2.84230599286067,0.00947757422315007,0.268585492571032,0.0225092387799814,"Chlorophyll a (mg m-3)",TRUE
"b","North Atlantic Ocean","Marinimicrobia (phylum)","ChlorophyllA",24,-0.139850340897808,0.0511057134309653,-2.73649131396475,0.0120480850805977,0.253943536910938,0.0241395208670734,"Chlorophyll a (mg m-3)",TRUE
"b","North Atlantic Ocean","Marine (family)","ChlorophyllA",24,-0.0335970610125559,0.0687168990960925,-0.488919922966465,0.629737064590712,0.0107487851160735,0.664722457067974,"Chlorophyll a (mg m-3)",FALSE
"b","North Atlantic Ocean","SAR86 (family)","ChlorophyllA",24,0.294745046453704,0.0801882097510913,3.67566562925658,0.00132583890301684,0.380465243771029,0.00629773478932998,"Chlorophyll a (mg m-3)",TRUE
"b","North Atlantic Ocean","Marine (class)","ChlorophyllA",24,-0.368074195480782,0.121998969684127,-3.01702708173503,0.00633926842476797,0.292660279368624,0.0200743500117652,"Chlorophyll a (mg m-3)",TRUE
"b","North Atlantic Ocean","Chloroplast (class)","ChlorophyllA",24,0.548103907268396,0.101720922348239,5.38831043422882,2.06841119435334e-05,0.568913906300199,0.000392998126927134,"Chlorophyll a (mg m-3)",TRUE
"b","North Atlantic Ocean","AEGEAN-169 (genus)","ChlorophyllA",24,-0.0603195694327038,0.029338322831281,-2.05599923961537,0.0518384754793965,0.16117403658722,0.0757639257006565,"Chlorophyll a (mg m-3)",FALSE
"b","North Atlantic Ocean","Prochlorococcus (genus)","ChlorophyllA",24,0.0509085456109687,0.123645686763069,0.411729247850921,0.684521695126584,0.007646578098744,0.684521695126584,"Chlorophyll a (mg m-3)",FALSE
"b","North Atlantic Ocean","SAR202 (class)","ChlorophyllA",24,-0.315758873655221,0.0695809804243521,-4.53800552578461,0.000162108352201387,0.483489193878678,0.00118085448950989,"Chlorophyll a (mg m-3)",TRUE
"b","North Atlantic Ocean","SAR324 (order)","ChlorophyllA",24,-0.255221747300139,0.0732412055545997,-3.48467430823318,0.00209987540652823,0.355650382991295,0.00797952654480727,"Chlorophyll a (mg m-3)",TRUE
"b","North Atlantic Ocean","NS5 (genus)","ChlorophyllA",24,0.174695683970092,0.064394341032183,2.71290428894648,0.0127050109826702,0.250677362484967,0.0241395208670734,"Chlorophyll a (mg m-3)",TRUE
"b","North Atlantic Ocean","Syndiniales (genus)","ChlorophyllA",24,-0.105431070281138,0.0476769040085797,-2.21136570155993,0.0377054577016973,0.181856196411316,0.0597003080276874,"Chlorophyll a (mg m-3)",FALSE
"b","North Atlantic Ocean","NS9 (family)","ChlorophyllA",24,0.152588121551291,0.034054435223628,4.48071214657588,0.000186450708869983,0.47714631920197,0.00118085448950989,"Chlorophyll a (mg m-3)",TRUE
"b","North Atlantic Ocean","NS4 (genus)","ChlorophyllA",24,0.203493066608362,0.0708203743236275,2.87336897823303,0.00882814913956022,0.272877487466546,0.0225092387799814,"Chlorophyll a (mg m-3)",TRUE
"b","North Atlantic Ocean","ZD0417 (genus)","ChlorophyllA",24,-0.046709994142837,0.0564422999486048,-0.827570708234253,0.416800671793151,0.0301907473213828,0.512971207011941,"Chlorophyll a (mg m-3)",FALSE
"b","North Atlantic Ocean","Rhodospirillaceae (family)","ChlorophyllA",24,-0.0134808554347358,0.016840338248469,-0.800509778119295,0.431975753273213,0.0283035694277657,0.512971207011941,"Chlorophyll a (mg m-3)",FALSE
"b","North Atlantic Ocean","OM1 (family)","ChlorophyllA",24,0.151924816936783,0.0638667341308076,2.37877854573902,0.0264750225302392,0.204586998390009,0.0457295843704131,"Chlorophyll a (mg m-3)",TRUE
"b","North Atlantic Ocean","Gammaproteobacteria (order)","ChlorophyllA",24,0.0373416929490419,0.062183017821565,0.600512716449279,0.554301156859396,0.0161272627872223,0.619513057666384,"Chlorophyll a (mg m-3)",FALSE
"b","North Atlantic Ocean","Marinoscillum (genus)","ChlorophyllA",24,-0.0430075455170091,0.0497297300654252,-0.864825637710635,0.39646689288485,0.0328787542945326,0.512971207011941,"Chlorophyll a (mg m-3)",FALSE
"b","North Atlantic Ocean","SAR11 (order)","PO4",16,-0.018059491751903,0.0356330642934086,-0.506818375293186,0.620170607141321,0.0180169250362877,0.688792602561539,"Phosphate (µmol l-1)",FALSE
"b","North Atlantic Ocean","Marinimicrobia (phylum)","PO4",16,0.0457927773376113,0.0287573563246195,1.59238480827974,0.133618939251877,0.153346456850411,0.195289218906589,"Phosphate (µmol l-1)",FALSE
"b","North Atlantic Ocean","Marine (family)","PO4",16,-0.0395629606570171,0.0392571906756249,-1.0077888910574,0.330657437768327,0.0676387122926829,0.418832754506547,"Phosphate (µmol l-1)",FALSE
"b","North Atlantic Ocean","SAR86 (family)","PO4",16,-0.0943556708917933,0.0359984972690018,-2.62110026945605,0.0201327411192987,0.329185997735249,0.044290061696535,"Phosphate (µmol l-1)",TRUE
"b","North Atlantic Ocean","Marine (class)","PO4",16,0.190691436940507,0.0563389616179393,3.38471692527233,0.00444602638258144,0.450038095284613,0.0120677858955782,"Phosphate (µmol l-1)",TRUE
"b","North Atlantic Ocean","Chloroplast (class)","PO4",16,-0.146085245851173,0.0842387313624619,-1.73418145653925,0.104839380356165,0.176828199448421,0.165995685563927,"Phosphate (µmol l-1)",FALSE
"b","North Atlantic Ocean","AEGEAN-169 (genus)","PO4",16,0.00768615490258788,0.0167070273125384,0.460055206638676,0.652540360321458,0.0148927662405898,0.688792602561539,"Phosphate (µmol l-1)",FALSE
"b","North Atlantic Ocean","Prochlorococcus (genus)","PO4",16,-0.172413272807473,0.0458133257277939,-3.76338696369457,0.00209714385064278,0.502895305310648,0.00796914663244257,"Phosphate (µmol l-1)",TRUE
"b","North Atlantic Ocean","SAR202 (class)","PO4",16,0.102834955172457,0.0477299667499566,2.15451554180164,0.0491021676262897,0.249005088104169,0.084812834990864,"Phosphate (µmol l-1)",FALSE
"b","North Atlantic Ocean","SAR324 (order)","PO4",16,0.1510824458696,0.0387373534372297,3.90017470125869,0.00160120385452571,0.520734443523997,0.00760571830899714,"Phosphate (µmol l-1)",TRUE
"b","North Atlantic Ocean","NS5 (genus)","PO4",16,-0.116057255948911,0.0322600863817321,-3.59754944781025,0.00291261008436186,0.4803722114378,0.0092232652671459,"Phosphate (µmol l-1)",TRUE
"b","North Atlantic Ocean","Syndiniales (genus)","PO4",16,-0.00895476897303744,0.0303638033829249,-0.29491591880328,0.772386247093106,0.00617417129646917,0.772386247093106,"Phosphate (µmol l-1)",FALSE
"b","North Atlantic Ocean","NS9 (family)","PO4",16,-0.0598505037855779,0.0264135723685408,-2.2658996273015,0.0398402754438957,0.268329691716244,0.0756965233434018,"Phosphate (µmol l-1)",FALSE
"b","North Atlantic Ocean","NS4 (genus)","PO4",16,-0.136713362636224,0.0300512346185559,-4.54934262673543,0.000454267047131682,0.596501301235657,0.00287702463183399,"Phosphate (µmol l-1)",TRUE
"b","North Atlantic Ocean","ZD0417 (genus)","PO4",16,-0.0326879230008578,0.0270759583449409,-1.2072674431103,0.247331080759053,0.0942904855827567,0.335663609601573,"Phosphate (µmol l-1)",FALSE
"b","North Atlantic Ocean","Rhodospirillaceae (family)","PO4",16,-0.00854987997835251,0.0101649524590065,-0.84111362181306,0.414420347982359,0.0481029043465978,0.492124163229052,"Phosphate (µmol l-1)",FALSE
"b","North Atlantic Ocean","OM1 (family)","PO4",16,-0.119639342225081,0.0245845602211926,-4.86644223645493,0.00024946292320438,0.628472390327455,0.00236989777044161,"Phosphate (µmol l-1)",TRUE
"b","North Atlantic Ocean","Gammaproteobacteria (order)","PO4",16,-0.100343890599384,0.0199688288396066,-5.02502632504716,0.000185701567505447,0.643320185751365,0.00236989777044161,"Phosphate (µmol l-1)",TRUE
"b","North Atlantic Ocean","Marinoscillum (genus)","PO4",16,-0.0572643786172282,0.0220252110202027,-2.5999468774534,0.020979502908885,0.325617230841363,0.044290061696535,"Phosphate (µmol l-1)",TRUE
"b","North Atlantic Ocean","SAR11 (order)","NO3",22,-0.000672836748624081,0.00145681558778705,-0.461854440784878,0.649170029490702,0.0105529242608416,0.685235031129074,"Nitrate (µmol l-1)",FALSE
"b","North Atlantic Ocean","Marinimicrobia (phylum)","NO3",22,0.00278621971116077,0.00118602073987427,2.34921668524627,0.0291986239836981,0.216264672234036,0.0426749119761742,"Nitrate (µmol l-1)",TRUE
"b","North Atlantic Ocean","Marine (family)","NO3",22,-0.0025851134302974,0.0016125298277617,-1.60314146491523,0.124579782742768,0.113870422383341,0.15780105814084,"Nitrate (µmol l-1)",FALSE
"b","North Atlantic Ocean","SAR86 (family)","NO3",22,-0.00532558661330931,0.00142920796002734,-3.7262503164392,0.00133315347328598,0.409767313696908,0.0031662394990542,"Nitrate (µmol l-1)",TRUE
"b","North Atlantic Ocean","Marine (class)","NO3",22,0.0113612543011854,0.00249778410951334,4.54853334117774,0.000195392572641294,0.508468540897345,0.000835547810291435,"Nitrate (µmol l-1)",TRUE
"b","North Atlantic Ocean","Chloroplast (class)","NO3",22,-0.0108166631459901,0.00324231245529575,-3.33609523916272,0.00329180118370987,0.35752325615669,0.00625442224904875,"Nitrate (µmol l-1)",TRUE
"b","North Atlantic Ocean","AEGEAN-169 (genus)","NO3",22,0.000672484309273882,0.000668943883797732,1.00529255975262,0.326764616544777,0.0481001256083097,0.365207512608868,"Nitrate (µmol l-1)",FALSE
"b","North Atlantic Ocean","Prochlorococcus (genus)","NO3",22,-0.00838219051523918,0.00195643729451281,-4.2844156256623,0.000361801395201494,0.478572147303783,0.00114570441813806,"Nitrate (µmol l-1)",TRUE
"b","North Atlantic Ocean","SAR202 (class)","NO3",22,0.0060377317547124,0.00198143335730898,3.04715358325872,0.00636211340115121,0.317059894108753,0.0109891049656248,"Nitrate (µmol l-1)",TRUE
"b","North Atlantic Ocean","SAR324 (order)","NO3",22,0.00750149409658022,0.00166780365687534,4.49782806606527,0.000219881002708272,0.502864214419661,0.000835547810291435,"Nitrate (µmol l-1)",TRUE
"b","North Atlantic Ocean","NS5 (genus)","NO3",22,-0.00548584090308394,0.00141435302938978,-3.87869279387114,0.000934129875823287,0.429293092172502,0.00253549537723464,"Nitrate (µmol l-1)",TRUE
"b","North Atlantic Ocean","Syndiniales (genus)","NO3",22,-0.000240899907835178,0.00123673845037952,-0.194786462538827,0.847525207824406,0.00189349616999037,0.847525207824406,"Nitrate (µmol l-1)",FALSE
"b","North Atlantic Ocean","NS9 (family)","NO3",22,-0.00337607142276417,0.00096415208335882,-3.50159635708397,0.00224680347025938,0.380059817089818,0.00474325177054758,"Nitrate (µmol l-1)",TRUE
"b","North Atlantic Ocean","NS4 (genus)","NO3",22,-0.00785168142812095,0.00117035591559814,-6.70879800193785,1.57785812928787e-06,0.692345418478229,2.31174918651638e-05,"Nitrate (µmol l-1)",TRUE
"b","North Atlantic Ocean","ZD0417 (genus)","NO3",22,-0.00203270893461477,0.00123164127489439,-1.65040663710225,0.11447695354913,0.119867144810513,0.155361579816677,"Nitrate (µmol l-1)",FALSE
"b","North Atlantic Ocean","Rhodospirillaceae (family)","NO3",22,-0.000514575344394345,0.000425698202697478,-1.20877969682204,0.240844922221903,0.0680834189880699,0.28600334513851,"Nitrate (µmol l-1)",FALSE
"b","North Atlantic Ocean","OM1 (family)","NO3",22,-0.00660014849914201,0.00101474698934181,-6.50423067864732,2.43342019633303e-06,0.678998561391274,2.31174918651638e-05,"Nitrate (µmol l-1)",TRUE
"b","North Atlantic Ocean","Gammaproteobacteria (order)","NO3",22,-0.0049597570871083,0.000892902308514467,-5.55464695276677,1.94764122799615e-05,0.606718063820699,0.000123350611106423,"Nitrate (µmol l-1)",TRUE
"b","North Atlantic Ocean","Marinoscillum (genus)","NO3",22,-0.00300372876218236,0.00113658412602722,-2.64276853195328,0.0156099407742118,0.258826235720305,0.0247157395591687,"Nitrate (µmol l-1)",TRUE
