"shbeta_between","fit","lower","upper","signal_mode","r_squared"
0.00316339422079981,0.845110778183076,0.844491463083875,0.845730093282276,"Abundance",0.998472608701156
0.00317710116776459,0.848780401936884,0.84816578824204,0.849395015631728,"Abundance",0.998472608701156
0.00319080811472938,0.852450025690692,0.85184010017467,0.853059951206714,"Abundance",0.998472608701156
0.00320451506169416,0.8561196494445,0.855514398574435,0.856724900314564,"Abundance",0.998472608701156
0.00321822200865895,0.859789273198308,0.859188683125342,0.860389863271273,"Abundance",0.998472608701156
0.00323192895562373,0.863458896952115,0.862862953502458,0.864054840401773,"Abundance",0.998472608701156
0.00324563590258852,0.867128520705923,0.866537209371644,0.867719832040203,"Abundance",0.998472608701156
0.0032593428495533,0.870798144459731,0.870211450389267,0.871384838530195,"Abundance",0.998472608701156
0.00327304979651809,0.874467768213539,0.873885676201911,0.875049860225168,"Abundance",0.998472608701156
0.00328675674348287,0.878137391967347,0.877559886446076,0.878714897488618,"Abundance",0.998472608701156
0.00330046369044766,0.881807015721155,0.881234080747875,0.882379950694436,"Abundance",0.998472608701156
0.00331417063741244,0.885476639474963,0.884908258722711,0.886045020227215,"Abundance",0.998472608701156
0.00332787758437723,0.889146263228771,0.888582419974961,0.889710106482581,"Abundance",0.998472608701156
0.00334158453134201,0.892815886982579,0.89225656409764,0.893375209867518,"Abundance",0.998472608701156
0.0033552914783068,0.896485510736387,0.895930690672061,0.897040330800713,"Abundance",0.998472608701156
0.00336899842527158,0.900155134490195,0.899604799267486,0.900705469712903,"Abundance",0.998472608701156
0.00338270537223637,0.903824758244003,0.903278889440771,0.904370627047235,"Abundance",0.998472608701156
0.00339641231920115,0.907494381997811,0.906952960735998,0.908035803259624,"Abundance",0.998472608701156
0.00341011926616594,0.911164005751619,0.910627012684105,0.911700998819132,"Abundance",0.998472608701156
0.00342382621313072,0.914833629505427,0.914301044802506,0.915366214208347,"Abundance",0.998472608701156
0.0034375331600955,0.918503253259234,0.9179750565947,0.919031449923769,"Abundance",0.998472608701156
0.00345124010706029,0.922172877013042,0.921649047549878,0.922696706476207,"Abundance",0.998472608701156
0.00346494705402507,0.92584250076685,0.925323017142521,0.92636198439118,"Abundance",0.998472608701156
0.00347865400098986,0.929512124520658,0.928996964831993,0.930027284209324,"Abundance",0.998472608701156
0.00349236094795464,0.933181748274466,0.932670890062122,0.93369260648681,"Abundance",0.998472608701156
0.00350606789491943,0.936851372028274,0.936344792260789,0.937357951795759,"Abundance",0.998472608701156
0.00351977484188421,0.940520995782082,0.940018670839496,0.941023320724668,"Abundance",0.998472608701156
0.003533481788849,0.94419061953589,0.943692525192943,0.944688713878837,"Abundance",0.998472608701156
0.00354718873581378,0.947860243289698,0.947366354698595,0.948354131880801,"Abundance",0.998472608701156
0.00356089568277857,0.951529867043506,0.951040158716254,0.952019575370758,"Abundance",0.998472608701156
0.00357460262974335,0.955199490797314,0.95471393658762,0.955685045007007,"Abundance",0.998472608701156
0.00358830957670814,0.958869114551122,0.958387687635863,0.95935054146638,"Abundance",0.998472608701156
0.00360201652367292,0.96253873830493,0.962061411165189,0.96301606544467,"Abundance",0.998472608701156
0.00361572347063771,0.966208362058738,0.965735106460415,0.96668161765706,"Abundance",0.998472608701156
0.00362943041760249,0.969877985812546,0.969408772786547,0.970347198838544,"Abundance",0.998472608701156
0.00364313736456728,0.973547609566354,0.973082409388362,0.974012809744346,"Abundance",0.998472608701156
0.00365684431153206,0.977217233320161,0.976756015490006,0.977678451150317,"Abundance",0.998472608701156
0.00367055125849685,0.980886857073969,0.980429590294598,0.98134412385334,"Abundance",0.998472608701156
0.00368425820546163,0.984556480827777,0.984103132983851,0.985009828671703,"Abundance",0.998472608701156
0.00369796515242642,0.988226104581585,0.987776642717707,0.988675566445464,"Abundance",0.998472608701156
0.0037116720993912,0.991895728335393,0.991450118633991,0.992341338036795,"Abundance",0.998472608701156
0.00372537904635599,0.995565352089201,0.995123559848099,0.996007144330304,"Abundance",0.998472608701156
0.00373908599332077,0.999234975843009,0.998796965452691,0.999672986233327,"Abundance",0.998472608701156
0.00375279294028555,1.00290459959682,1.00247033451744,1.0033388646762,"Abundance",0.998472608701156
0.00376649988725034,1.00657422335062,1.00614366608879,1.00700478061246,"Abundance",0.998472608701156
0.00378020683421512,1.01024384710443,1.00981695918976,1.0106707350191,"Abundance",0.998472608701156
0.00379391378117991,1.01391347085824,1.01349021281984,1.01433672889664,"Abundance",0.998472608701156
0.00380762072814469,1.01758309461205,1.01716342595482,1.01800276326928,"Abundance",0.998472608701156
0.00382132767510948,1.02125271836586,1.02083659754678,1.02166883918494,"Abundance",0.998472608701156
0.00383503462207426,1.02492234211966,1.02450972652412,1.02533495771521,"Abundance",0.998472608701156
0.00384874156903905,1.02859196587347,1.02818281179159,1.02900111995536,"Abundance",0.998472608701156
0.00386244851600383,1.03226158962728,1.03185585223047,1.03266732702409,"Abundance",0.998472608701156
0.00387615546296862,1.03593121338109,1.03552884669879,1.03633358006339,"Abundance",0.998472608701156
0.0038898624099334,1.0396008371349,1.03920179403159,1.03999988023821,"Abundance",0.998472608701156
0.00390356935689819,1.0432704608887,1.04287469304137,1.04366622873604,"Abundance",0.998472608701156
0.00391727630386297,1.04694008464251,1.04654754251855,1.04733262676647,"Abundance",0.998472608701156
0.00393098325082776,1.05060970839632,1.05022034123207,1.05099907556057,"Abundance",0.998472608701156
0.00394469019779254,1.05427933215013,1.05389308793008,1.05466557637017,"Abundance",0.998472608701156
0.00395839714475733,1.05794895590394,1.05756578134077,1.0583321304671,"Abundance",0.998472608701156
0.00397210409172211,1.06161857965774,1.06123842017331,1.06199873914218,"Abundance",0.998472608701156
0.0039858110386869,1.06528820341155,1.06491100311891,1.06566540370419,"Abundance",0.998472608701156
0.00399951798565168,1.06895782716536,1.06858352885205,1.06933212547867,"Abundance",0.998472608701156
0.00401322493261647,1.07262745091917,1.07225599603182,1.07299890580652,"Abundance",0.998472608701156
0.00402693187958125,1.07629707467298,1.07592840330341,1.07666574604254,"Abundance",0.998472608701156
0.00404063882654603,1.07996669842678,1.07960074929978,1.08033264755379,"Abundance",0.998472608701156
0.00405434577351082,1.08363632218059,1.08327303264347,1.08399961171772,"Abundance",0.998472608701156
0.0040680527204756,1.0873059459344,1.08694525194855,1.08766663992025,"Abundance",0.998472608701156
0.00408175966744039,1.09097556968821,1.0906174058228,1.09133373355361,"Abundance",0.998472608701156
0.00409546661440517,1.09464519344202,1.09428949286998,1.09500089401405,"Abundance",0.998472608701156
0.00410917356136996,1.09831481719582,1.09796151169229,1.09866812269936,"Abundance",0.998472608701156
0.00412288050833474,1.10198444094963,1.10163346089304,1.10233542100622,"Abundance",0.998472608701156
0.00413658745529953,1.10565406470344,1.10530533907944,1.10600279032743,"Abundance",0.998472608701156
0.00415029440226431,1.10932368845725,1.10897714486554,1.10967023204895,"Abundance",0.998472608701156
0.0041640013492291,1.11299331221105,1.11264887687535,1.11333774754676,"Abundance",0.998472608701156
0.00417770829619388,1.11666293596486,1.11632053374607,1.11700533818365,"Abundance",0.998472608701156
0.00419141524315867,1.12033255971867,1.11999211413155,1.12067300530579,"Abundance",0.998472608701156
0.00420512219012345,1.12400218347248,1.1236636167057,1.12434075023925,"Abundance",0.998472608701156
0.00421882913708824,1.12767180722629,1.12733504016621,1.12800857428636,"Abundance",0.998472608701156
0.00423253608405302,1.13134143098009,1.1310063832382,1.13167647872199,"Abundance",0.998472608701156
0.00424624303101781,1.1350110547339,1.13467764467802,1.13534446478978,"Abundance",0.998472608701156
0.00425994997798259,1.13868067848771,1.13834882327714,1.13901253369829,"Abundance",0.998472608701156
0.00427365692494738,1.14235030224152,1.14201991786594,1.14268068661709,"Abundance",0.998472608701156
0.00428736387191216,1.14601992599533,1.14569092731771,1.14634892467294,"Abundance",0.998472608701156
0.00430107081887695,1.14968954974913,1.1493618505524,1.15001724894587,"Abundance",0.998472608701156
0.00431477776584173,1.15335917350294,1.15303268654054,1.15368566046534,"Abundance",0.998472608701156
0.00432848471280651,1.15702879725675,1.15670343430694,1.15735416020656,"Abundance",0.998472608701156
0.0043421916597713,1.16069842101056,1.16037409293436,1.16102274908676,"Abundance",0.998472608701156
0.00435589860673608,1.16436804476437,1.16404466156702,1.16469142796171,"Abundance",0.998472608701156
0.00436960555370087,1.16803766851817,1.16771513941397,1.16836019762237,"Abundance",0.998472608701156
0.00438331250066565,1.17170729227198,1.17138552575228,1.17202905879168,"Abundance",0.998472608701156
0.00439701944763044,1.17537691602579,1.17505581992996,1.17569801212161,"Abundance",0.998472608701156
0.00441072639459522,1.1790465397796,1.1787260213687,1.17936705819049,"Abundance",0.998472608701156
0.00442443334156001,1.18271616353341,1.1823961295663,1.18303619750052,"Abundance",0.998472608701156
0.00443814028852479,1.18638578728721,1.1860661440988,1.18670543047563,"Abundance",0.998472608701156
0.00445184723548958,1.19005541104102,1.18973606462237,1.19037475745968,"Abundance",0.998472608701156
0.00446555418245436,1.19372503479483,1.19340589087474,1.19404417871492,"Abundance",0.998472608701156
0.00447926112941915,1.19739465854864,1.19707562267642,1.19771369442086,"Abundance",0.998472608701156
0.00449296807638393,1.20106428230245,1.20074525993143,1.20138330467346,"Abundance",0.998472608701156
0.00450667502334872,1.20473390605625,1.20441480262777,1.20505300948474,"Abundance",0.998472608701156
0.0045203819703135,1.20840352981006,1.20808425083746,1.20872280878266,"Abundance",0.998472608701156
0.00453408891727829,1.21207315356387,1.21175360471623,1.21239270241151,"Abundance",0.998472608701156
0.00454779586424307,1.21574277731768,1.21542286450279,1.21606269013257,"Abundance",0.998472608701156
0.00456150281120786,1.21941240107149,1.21909203051784,1.21973277162513,"Abundance",0.998472608701156
0.00457520975817264,1.22308202482529,1.22276110316263,1.22340294648796,"Abundance",0.998472608701156
0.00458891670513743,1.2267516485791,1.22643008291721,1.22707321424099,"Abundance",0.998472608701156
0.00460262365210221,1.23042127233291,1.23009897033841,1.23074357432741,"Abundance",0.998472608701156
0.004616330599067,1.23409089608672,1.23376776605744,1.234414026116,"Abundance",0.998472608701156
0.00463003754603178,1.23776051984052,1.23743647077726,1.23808456890379,"Abundance",0.998472608701156
0.00464374449299656,1.24143014359433,1.24110508526973,1.24175520191893,"Abundance",0.998472608701156
0.00465745143996135,1.24509976734814,1.24477361037244,1.24542592432384,"Abundance",0.998472608701156
0.00467115838692613,1.24876939110195,1.24844204698544,1.24909673521846,"Abundance",0.998472608701156
0.00468486533389092,1.25243901485576,1.25211039606773,1.25276763364378,"Abundance",0.998472608701156
0.0046985722808557,1.25610863860956,1.25577865863368,1.25643861858545,"Abundance",0.998472608701156
0.00471227922782049,1.25977826236337,1.25944683574926,1.26010968897749,"Abundance",0.998472608701156
0.00472598617478527,1.26344788611718,1.26311492852827,1.26378084370609,"Abundance",0.998472608701156
0.00473969312175006,1.26711750987099,1.26678293812846,1.26745208161351,"Abundance",0.998472608701156
0.00475340006871484,1.2707871336248,1.27045086574766,1.27112340150193,"Abundance",0.998472608701156
0.00476710701567963,1.2744567573786,1.27411871261988,1.27479480213733,"Abundance",0.998472608701156
0.00478081396264441,1.27812638113241,1.27778648001146,1.27846628225336,"Abundance",0.998472608701156
0.0047945209096092,1.28179600488622,1.28145416921729,1.28213784055515,"Abundance",0.998472608701156
0.00480822785657398,1.28546562864003,1.285121781557,1.28580947572305,"Abundance",0.998472608701156
0.00482193480353877,1.28913525239384,1.28878931837142,1.28948118641625,"Abundance",0.998472608701156
0.00483564175050355,1.29280487614764,1.29245678101892,1.29315297127636,"Abundance",0.998472608701156
0.00484934869746834,1.29647449990145,1.29612417087207,1.29682482893083,"Abundance",0.998472608701156
0.00486305564443312,1.30014412365526,1.2997914893143,1.30049675799622,"Abundance",0.998472608701156
0.00487676259139791,1.30381374740907,1.30345873773675,1.30416875708139,"Abundance",0.998472608701156
0.00489046953836269,1.30748337116288,1.3071259175353,1.30784082479045,"Abundance",0.998472608701156
0.00490417648532748,1.31115299491668,1.3107930301077,1.31151295972566,"Abundance",0.998472608701156
0.00491788343229226,1.31482261867049,1.31446007685089,1.31518516049009,"Abundance",0.998472608701156
0.00493159037925705,1.3184922424243,1.3181270591585,1.3188574256901,"Abundance",0.998472608701156
0.00494529732622183,1.32216186617811,1.32179397841846,1.32252975393776,"Abundance",0.998472608701156
0.00495900427318661,1.32583148993192,1.32546083601086,1.32620214385297,"Abundance",0.998472608701156
0.0049727112201514,1.32950111368572,1.32912763330592,1.32987459406553,"Abundance",0.998472608701156
0.00498641816711618,1.33317073743953,1.33279437166211,1.33354710321695,"Abundance",0.998472608701156
0.00500012511408097,1.33684036119334,1.33646105242446,1.33721966996222,"Abundance",0.998472608701156
0.00501383206104575,1.34050998494715,1.34012767692305,1.34089229297125,"Abundance",0.998472608701156
0.00502753900801054,1.34417960870095,1.34379424647156,1.34456497093035,"Abundance",0.998472608701156
0.00504124595497532,1.34784923245476,1.34746076236606,1.34823770254347,"Abundance",0.998472608701156
0.00505495290194011,1.35151885620857,1.3511272258839,1.35191048653324,"Abundance",0.998472608701156
0.00506865984890489,1.35518847996238,1.35479363828272,1.35558332164204,"Abundance",0.998472608701156
0.00508236679586968,1.35885810371619,1.35846000079959,1.35925620663279,"Abundance",0.998472608701156
0.00509607374283446,1.36252772746999,1.36212631465028,1.36292914028971,"Abundance",0.998472608701156
0.00510978068979925,1.3661973512238,1.36579258102867,1.36660212141893,"Abundance",0.998472608701156
0.00512348763676403,1.36986697497761,1.36945880110619,1.37027514884903,"Abundance",0.998472608701156
0.00513719458372882,1.37353659873142,1.37312497603139,1.37394822143144,"Abundance",0.998472608701156
0.0051509015306936,1.37720622248523,1.37679110692969,1.37762133804076,"Abundance",0.998472608701156
0.00516460847765839,1.38087584623903,1.38045719490303,1.38129449757504,"Abundance",0.998472608701156
0.00517831542462317,1.38454546999284,1.38412324102979,1.38496769895589,"Abundance",0.998472608701156
0.00519202237158796,1.38821509374665,1.38778924636466,1.38864094112864,"Abundance",0.998472608701156
0.00520572931855274,1.39188471750046,1.39145521193859,1.39231422306233,"Abundance",0.998472608701156
0.00521943626551753,1.39555434125427,1.39512113875887,1.39598754374966,"Abundance",0.998472608701156
0.00523314321248231,1.39922396500807,1.39878702780919,1.39966090220696,"Abundance",0.998472608701156
0.0052468501594471,1.40289358876188,1.40245288004976,1.403334297474,"Abundance",0.998472608701156
0.00526055710641188,1.40656321251569,1.40611869641754,1.40700772861384,"Abundance",0.998472608701156
0.00527426405337666,1.4102328362695,1.40978447782639,1.41068119471261,"Abundance",0.998472608701156
0.00528797100034145,1.41390246002331,1.41345022516738,1.41435469487923,"Abundance",0.998472608701156
0.00530167794730623,1.41757208377711,1.41711593930906,1.41802822824516,"Abundance",0.998472608701156
0.00531538489427102,1.42124170753092,1.42078162109778,1.42170179396407,"Abundance",0.998472608701156
0.0053290918412358,1.42491133128473,1.42444727135798,1.42537539121147,"Abundance",0.998472608701156
0.00534279878820059,1.42858095503854,1.42811289089265,1.42904901918443,"Abundance",0.998472608701156
0.00535650573516537,1.43225057879234,1.43177848048358,1.43272267710111,"Abundance",0.998472608701156
0.00537021268213016,1.43592020254615,1.43544404089186,1.43639636420045,"Abundance",0.998472608701156
0.00538391962909494,1.43958982629996,1.4391095728582,1.44007007974172,"Abundance",0.998472608701156
0.00539762657605973,1.44325945005377,1.44277507710342,1.44374382300412,"Abundance",0.998472608701156
0.00541133352302451,1.44692907380758,1.44644055432879,1.44741759328636,"Abundance",0.998472608701156
0.0054250404699893,1.45059869756138,1.45010600521652,1.45109138990625,"Abundance",0.998472608701156
0.00543874741695408,1.45426832131519,1.45377143043015,1.45476521220023,"Abundance",0.998472608701156
0.00545245436391887,1.457937945069,1.45743683061501,1.45843905952299,"Abundance",0.998472608701156
0.00546616131088365,1.46160756882281,1.46110220639863,1.46211293124699,"Abundance",0.998472608701156
0.00547986825784844,1.46527719257662,1.46476755839118,1.46578682676205,"Abundance",0.998472608701156
0.00549357520481322,1.46894681633042,1.46843288718593,1.46946074547492,"Abundance",0.998472608701156
0.00550728215177801,1.47261644008423,1.47209819335961,1.47313468680885,"Abundance",0.998472608701156
0.00552098909874279,1.47628606383804,1.47576347747292,1.47680865020316,"Abundance",0.998472608701156
0.00553469604570758,1.47995568759185,1.47942874007089,1.48048263511281,"Abundance",0.998472608701156
0.00554840299267236,1.48362531134566,1.4830939816833,1.48415664100801,"Abundance",0.998472608701156
0.00556210993963714,1.48729493509946,1.48675920282512,1.4878306673738,"Abundance",0.998472608701156
0.00557581688660193,1.49096455885327,1.49042440399691,1.49150471370963,"Abundance",0.998472608701156
0.00558952383356671,1.49463418260708,1.49408958568518,1.49517877952898,"Abundance",0.998472608701156
0.0056032307805315,1.49830380636089,1.49775474836281,1.49885286435896,"Abundance",0.998472608701156
0.00561693772749628,1.5019734301147,1.50141989248945,1.50252696773995,"Abundance",0.998472608701156
0.00563064467446107,1.5056430538685,1.50508501851183,1.50620108922518,"Abundance",0.998472608701156
0.00564435162142585,1.50931267762231,1.50875012686421,1.50987522838042,"Abundance",0.998472608701156
0.00565805856839064,1.51298230137612,1.51241521796867,1.51354938478357,"Abundance",0.998472608701156
0.00567176551535542,1.51665192512993,1.51608029223551,1.51722355802434,"Abundance",0.998472608701156
0.00568547246232021,1.52032154888374,1.51974535006357,1.5208977477039,"Abundance",0.998472608701156
0.00569917940928499,1.52399117263754,1.52341039184055,1.52457195343454,"Abundance",0.998472608701156
0.00571288635624978,1.52766079639135,1.52707541794336,1.52824617483934,"Abundance",0.998472608701156
0.00572659330321456,1.53133042014516,1.53074042873845,1.53192041155187,"Abundance",0.998472608701156
0.00574030025017935,1.53500004389897,1.53440542458207,1.53559466321586,"Abundance",0.998472608701156
0.00575400719714413,1.53866966765278,1.53807040582062,1.53926892948493,"Abundance",0.998472608701156
0.00576771414410892,1.54233929140658,1.54173537279092,1.54294321002224,"Abundance",0.998472608701156
0.0057814210910737,1.54600891516039,1.54540032582051,1.54661750450027,"Abundance",0.998472608701156
0.00579512803803849,1.5496785389142,1.5490652652279,1.5502918126005,"Abundance",0.998472608701156
0.00580883498500327,1.55334816266801,1.55273019132287,1.55396613401314,"Abundance",0.998472608701156
0.00582254193196806,1.55701778642181,1.55639510440672,1.55764046843691,"Abundance",0.998472608701156
0.00583624887893284,1.56068741017562,1.56006000477251,1.56131481557873,"Abundance",0.998472608701156
0.00584995582589763,1.56435703392943,1.56372489270534,1.56498917515352,"Abundance",0.998472608701156
0.00586366277286241,1.56802665768324,1.56738976848256,1.56866354688392,"Abundance",0.998472608701156
0.00587736971982719,1.57169628143705,1.571054632374,1.5723379305001,"Abundance",0.998472608701156
0.00589107666679198,1.57536590519085,1.57471948464222,1.57601232573949,"Abundance",0.998472608701156
0.00590478361375676,1.57903552894466,1.57838432554273,1.5796867323466,"Abundance",0.998472608701156
0.00591849056072155,1.58270515269847,1.58204915532416,1.58336115007278,"Abundance",0.998472608701156
0.00593219750768633,1.58637477645228,1.58571397422853,1.58703557867603,"Abundance",0.998472608701156
0.00594590445465112,1.59004440020609,1.58937878249137,1.59071001792081,"Abundance",0.998472608701156
0.0059596114016159,1.59371402395989,1.59304358034199,1.5943844675778,"Abundance",0.998472608701156
0.00597331834858069,1.5973836477137,1.59670836800362,1.59805892742379,"Abundance",0.998472608701156
0.00598702529554547,1.60105327146751,1.60037314569361,1.60173339724141,"Abundance",0.998472608701156
0.00600073224251026,1.60472289522132,1.6040379136236,1.60540787681903,"Abundance",0.998472608701156
0.00601443918947504,1.60839251897513,1.6077026719997,1.60908236595056,"Abundance",0.998472608701156
0.00602814613643983,1.61206214272893,1.61136742102262,1.61275686443525,"Abundance",0.998472608701156
0.00604185308340461,1.61573176648274,1.61503216088789,1.61643137207759,"Abundance",0.998472608701156
0.0060555600303694,1.61940139023655,1.61869689178596,1.62010588868714,"Abundance",0.998472608701156
0.00606926697733418,1.62307101399036,1.62236161390237,1.62378041407834,"Abundance",0.998472608701156
0.00608297392429897,1.62674063774417,1.62602632741791,1.62745494807042,"Abundance",0.998472608701156
0.00609668087126375,1.63041026149797,1.62969103250873,1.63112949048722,"Abundance",0.998472608701156
0.00611038781822854,1.63407988525178,1.63335572934649,1.63480404115707,"Abundance",0.998472608701156
0.00612409476519332,1.63774950900559,1.63702041809852,1.63847859991266,"Abundance",0.998472608701156
0.0061378017121581,1.6414191327594,1.6406850989279,1.64215316659089,"Abundance",0.998472608701156
0.00615150865912289,1.64508875651321,1.6443497719936,1.64582774103281,"Abundance",0.998472608701156
0.00616521560608767,1.64875838026701,1.64801443745063,1.6495023230834,"Abundance",0.998472608701156
0.00617892255305246,1.65242800402082,1.65167909545009,1.65317691259155,"Abundance",0.998472608701156
0.00619262950001724,1.65609762777463,1.65534374613937,1.65685150940988,"Abundance",0.998472608701156
0.00620633644698203,1.65976725152844,1.65900838966218,1.66052611339469,"Abundance",0.998472608701156
0.00622004339394681,1.66343687528224,1.66267302615869,1.6642007244058,"Abundance",0.998472608701156
0.0062337503409116,1.66710649903605,1.66633765576564,1.66787534230647,"Abundance",0.998472608701156
0.00624745728787638,1.67077612278986,1.67000227861641,1.67154996696331,"Abundance",0.998472608701156
0.00626116423484117,1.67444574654367,1.67366689484115,1.67522459824619,"Abundance",0.998472608701156
0.00627487118180595,1.67811537029748,1.67733150456684,1.67889923602811,"Abundance",0.998472608701156
0.00628857812877074,1.68178499405128,1.68099610791741,1.68257388018516,"Abundance",0.998472608701156
0.00630228507573552,1.68545461780509,1.68466070501379,1.68624853059639,"Abundance",0.998472608701156
0.00631599202270031,1.6891242415589,1.68832529597403,1.68992318714377,"Abundance",0.998472608701156
0.00632969896966509,1.69279386531271,1.69198988091337,1.69359784971205,"Abundance",0.998472608701156
0.00634340591662988,1.69646348906652,1.6956544599443,1.69727251818873,"Abundance",0.998472608701156
0.00635711286359466,1.70013311282032,1.69931903317667,1.70094719246398,"Abundance",0.998472608701156
0.00637081981055945,1.70380273657413,1.70298360071772,1.70462187243054,"Abundance",0.998472608701156
0.00638452675752423,1.70747236032794,1.70664816267221,1.70829655798367,"Abundance",0.998472608701156
0.00639823370448902,1.71114198408175,1.71031271914244,1.71197124902106,"Abundance",0.998472608701156
0.0064119406514538,1.71481160783556,1.71397727022832,1.71564594544279,"Abundance",0.998472608701156
0.00642564759841859,1.71848123158936,1.71764181602748,1.71932064715125,"Abundance",0.998472608701156
0.00643935454538337,1.72215085534317,1.72130635663528,1.72299535405107,"Abundance",0.998472608701156
0.00645306149234815,1.72582047909698,1.72497089214489,1.72667006604907,"Abundance",0.998472608701156
0.00646676843931294,1.72949010285079,1.72863542264739,1.73034478305419,"Abundance",0.998472608701156
0.00648047538627772,1.7331597266046,1.73229994823174,1.73401950497745,"Abundance",0.998472608701156
0.00649418233324251,1.7368293503584,1.73596446898493,1.73769423173188,"Abundance",0.998472608701156
0.00650788928020729,1.74049897411221,1.73962898499196,1.74136896323246,"Abundance",0.998472608701156
0.00652159622717208,1.74416859786602,1.74329349633595,1.74504369939609,"Abundance",0.998472608701156
0.00653530317413686,1.74783822161983,1.74695800309814,1.74871844014152,"Abundance",0.998472608701156
0.00654901012110165,1.75150784537364,1.75062250535797,1.7523931853893,"Abundance",0.998472608701156
0.00656271706806643,1.75517746912744,1.75428700319314,1.75606793506175,"Abundance",0.998472608701156
0.00657642401503122,1.75884709288125,1.75795149667961,1.75974268908289,"Abundance",0.998472608701156
0.006590130961996,1.76251671663506,1.7616159858917,1.76341744737842,"Abundance",0.998472608701156
0.00660383790896079,1.76618634038887,1.76528047090207,1.76709220987566,"Abundance",0.998472608701156
0.00661754485592557,1.76985596414267,1.76894495178185,1.7707669765035,"Abundance",0.998472608701156
0.00663125180289036,1.77352558789648,1.77260942860058,1.77444174719238,"Abundance",0.998472608701156
0.00664495874985514,1.77719521165029,1.77627390142634,1.77811652187424,"Abundance",0.998472608701156
0.00665866569681993,1.7808648354041,1.77993837032571,1.78179130048249,"Abundance",0.998472608701156
0.00667237264378471,1.78453445915791,1.78360283536388,1.78546608295193,"Abundance",0.998472608701156
0.0066860795907495,1.78820408291171,1.78726729660463,1.7891408692188,"Abundance",0.998472608701156
0.00669978653771428,1.79187370666552,1.79093175411041,1.79281565922064,"Abundance",0.998472608701156
0.00671349348467907,1.79554333041933,1.79459620794232,1.79649045289634,"Abundance",0.998472608701156
0.00672720043164385,1.79921295417314,1.79826065816021,1.80016525018606,"Abundance",0.998472608701156
0.00674090737860863,1.80288257792695,1.80192510482266,1.80384005103123,"Abundance",0.998472608701156
0.00675461432557342,1.80655220168075,1.80558954798704,1.80751485537447,"Abundance",0.998472608701156
0.0067683212725382,1.81022182543456,1.8092539877095,1.81118966315962,"Abundance",0.998472608701156
0.00678202821950299,1.81389144918837,1.81291842404508,1.81486447433166,"Abundance",0.998472608701156
0.00679573516646777,1.81756107294218,1.81658285704764,1.81853928883671,"Abundance",0.998472608701156
0.00680944211343256,1.82123069669599,1.82024728676998,1.822214106622,"Abundance",0.998472608701156
0.00682314906039734,1.82490032044979,1.82391171326378,1.82588892763581,"Abundance",0.998472608701156
0.00683685600736213,1.8285699442036,1.8275761365797,1.82956375182751,"Abundance",0.998472608701156
0.00685056295432691,1.83223956795741,1.83124055676737,1.83323857914745,"Abundance",0.998472608701156
0.0068642699012917,1.83590919171122,1.83490497387542,1.83691340954701,"Abundance",0.998472608701156
0.00687797684825648,1.83957881546503,1.8385693879515,1.84058824297855,"Abundance",0.998472608701156
0.00689168379522127,1.84324843921883,1.84223379904232,1.84426307939534,"Abundance",0.998472608701156
0.00690539074218605,1.84691806297264,1.84589820719365,1.84793791875163,"Abundance",0.998472608701156
0.00691909768915084,1.85058768672645,1.84956261245036,1.85161276100254,"Abundance",0.998472608701156
0.00693280463611562,1.85425731048026,1.85322701485643,1.85528760610408,"Abundance",0.998472608701156
0.00694651158308041,1.85792693423407,1.85689141445499,1.85896245401314,"Abundance",0.998472608701156
0.00696021853004519,1.86159655798787,1.86055581128831,1.86263730468744,"Abundance",0.998472608701156
0.00697392547700998,1.86526618174168,1.86422020539784,1.86631215808552,"Abundance",0.998472608701156
0.00698763242397476,1.86893580549549,1.86788459682424,1.86998701416673,"Abundance",0.998472608701156
0.00700133937093955,1.8726054292493,1.87154898560738,1.87366187289121,"Abundance",0.998472608701156
0.00701504631790433,1.8762750530031,1.87521337178636,1.87733673421985,"Abundance",0.998472608701156
0.00702875326486911,1.87994467675691,1.87887775539952,1.8810115981143,"Abundance",0.998472608701156
0.0070424602118339,1.88361430051072,1.88254213648449,1.88468646453695,"Abundance",0.998472608701156
0.00705616715879868,1.88728392426453,1.88620651507818,1.88836133345088,"Abundance",0.998472608701156
0.00706987410576347,1.89095354801834,1.88987089121679,1.89203620481988,"Abundance",0.998472608701156
0.00708358105272825,1.89462317177214,1.89353526493585,1.89571107860844,"Abundance",0.998472608701156
0.00709728799969304,1.89829279552595,1.89719963627023,1.89938595478168,"Abundance",0.998472608701156
0.00711099494665782,1.90196241927976,1.90086400525412,1.9030608333054,"Abundance",0.998472608701156
0.00712470189362261,1.90563204303357,1.90452837192111,1.90673571414603,"Abundance",0.998472608701156
0.00713840884058739,1.90930166678738,1.90819273630414,1.91041059727061,"Abundance",0.998472608701156
0.00715211578755218,1.91297129054118,1.91185709843556,1.91408548264681,"Abundance",0.998472608701156
0.00716582273451696,1.91664091429499,1.91552145834712,1.91776037024287,"Abundance",0.998472608701156
0.00717952968148175,1.9203105380488,1.91918581606998,1.92143526002762,"Abundance",0.998472608701156
0.00719323662844653,1.92398016180261,1.92285017163475,1.92511015197047,"Abundance",0.998472608701156
0.00720694357541132,1.92764978555642,1.92651452507146,1.92878504604137,"Abundance",0.998472608701156
0.0072206505223761,1.93131940931022,1.93017887640962,1.93245994221082,"Abundance",0.998472608701156
0.00723435746934089,1.93498903306403,1.93384322567821,1.93613484044986,"Abundance",0.998472608701156
0.00724806441630567,1.93865865681784,1.93750757290566,1.93980974073002,"Abundance",0.998472608701156
0.00726177136327046,1.94232828057165,1.94117191811992,1.94348464302338,"Abundance",0.998472608701156
0.00727547831023524,1.94599790432546,1.94483626134843,1.94715954730248,"Abundance",0.998472608701156
0.00312781225908826,0.833922363283507,0.833257109569094,0.834587616997919,"Joint",0.99943516336361
0.0031502073480616,0.83998946539154,0.839328672613691,0.840650258169389,"Joint",0.99943516336361
0.00317260243703494,0.846056567499573,0.845400219556725,0.846712915442422,"Joint",0.99943516336361
0.00319499752600828,0.852123669607607,0.851471750068853,0.85277558914636,"Joint",0.99943516336361
0.00321739261498163,0.85819077171564,0.857543263812953,0.858838279618327,"Joint",0.99943516336361
0.00323978770395497,0.864257873823673,0.86361476044395,0.864900987203397,"Joint",0.99943516336361
0.00326218279292831,0.870324975931707,0.869686239608627,0.870963712254786,"Joint",0.99943516336361
0.00328457788190165,0.87639207803974,0.875757700945444,0.877026455134036,"Joint",0.99943516336361
0.00330697297087499,0.882459180147773,0.881829144084346,0.883089216211201,"Joint",0.99943516336361
0.00332936805984833,0.888526282255807,0.887900568646577,0.889151995865037,"Joint",0.99943516336361
0.00335176314882167,0.89459338436384,0.893971974244485,0.895214794483195,"Joint",0.99943516336361
0.00337415823779502,0.900660486471873,0.900043360481331,0.901277612462415,"Joint",0.99943516336361
0.00339655332676836,0.906727588579907,0.906114726951093,0.90734045020872,"Joint",0.99943516336361
0.0034189484157417,0.91279469068794,0.912186073238266,0.913403308137614,"Joint",0.99943516336361
0.00344134350471504,0.918861792795973,0.918257398917673,0.919466186674274,"Joint",0.99943516336361
0.00346373859368838,0.924928894904007,0.924328703554259,0.925529086253754,"Joint",0.99943516336361
0.00348613368266172,0.93099599701204,0.9303999867029,0.931592007321179,"Joint",0.99943516336361
0.00350852877163506,0.937063099120073,0.936471247908201,0.937654950331945,"Joint",0.99943516336361
0.00353092386060841,0.943130201228107,0.9425424867043,0.943717915751913,"Joint",0.99943516336361
0.00355331894958175,0.94919730333614,0.948613702614673,0.949780904057606,"Joint",0.99943516336361
0.00357571403855509,0.955264405444173,0.95468489515194,0.955843915736406,"Joint",0.99943516336361
0.00359810912752843,0.961331507552207,0.96075606381767,0.961906951286743,"Joint",0.99943516336361
0.00362050421650177,0.96739860966024,0.966827208102196,0.967970011218283,"Joint",0.99943516336361
0.00364289930547511,0.973465711768273,0.972898327484426,0.97403309605212,"Joint",0.99943516336361
0.00366529439444845,0.979532813876307,0.978969421431661,0.980096206320952,"Joint",0.99943516336361
0.0036876894834218,0.98559991598434,0.98504048939942,0.986159342569259,"Joint",0.99943516336361
0.00371008457239514,0.991667018092373,0.991111530831267,0.992222505353479,"Joint",0.99943516336361
0.00373247966136848,0.997734120200406,0.997182545158647,0.998285695242166,"Joint",0.99943516336361
0.00375487475034182,1.00380122230844,1.00325353180073,1.00434891281615,"Joint",0.99943516336361
0.00377726983931516,1.00986832441647,1.00932449016425,1.01041215866869,"Joint",0.99943516336361
0.0037996649282885,1.01593542652451,1.0153954196434,1.01647543340561,"Joint",0.99943516336361
0.00382206001726184,1.02200252863254,1.02146631961965,1.02253873764543,"Joint",0.99943516336361
0.00384445510623518,1.02806963074057,1.02753718946168,1.02860207201946,"Joint",0.99943516336361
0.00386685019520853,1.03413673284861,1.03360802852525,1.03466543717196,"Joint",0.99943516336361
0.00388924528418187,1.04020383495664,1.03967883615311,1.04072883376017,"Joint",0.99943516336361
0.00391164037315521,1.04627093706467,1.04574961167493,1.04679226245441,"Joint",0.99943516336361
0.00393403546212855,1.05233803917271,1.05182035440726,1.05285572393815,"Joint",0.99943516336361
0.00395643055110189,1.05840514128074,1.05789106365347,1.05891921890801,"Joint",0.99943516336361
0.00397882564007523,1.06447224338877,1.06396173870373,1.06498274807382,"Joint",0.99943516336361
0.00400122072904857,1.07053934549681,1.07003237883503,1.07104631215858,"Joint",0.99943516336361
0.00402361581802192,1.07660644760484,1.07610298331122,1.07710991189846,"Joint",0.99943516336361
0.00404601090699526,1.08267354971287,1.08217355138302,1.08317354804273,"Joint",0.99943516336361
0.0040684059959686,1.08874065182091,1.08824408228814,1.08923722135367,"Joint",0.99943516336361
0.00409080108494194,1.09480775392894,1.09431457525139,1.09530093260649,"Joint",0.99943516336361
0.00411319617391528,1.10087485603697,1.10038502948481,1.10136468258914,"Joint",0.99943516336361
0.00413559126288862,1.10694195814501,1.10645544418782,1.10742847210219,"Joint",0.99943516336361
0.00415798635186196,1.11300906025304,1.11252581854751,1.11349230195857,"Joint",0.99943516336361
0.00418038144083531,1.11907616236107,1.1185961517388,1.11955617298335,"Joint",0.99943516336361
0.00420277652980865,1.12514326446911,1.12466644292478,1.12562008601344,"Joint",0.99943516336361
0.00422517161878199,1.13121036657714,1.13073669125703,1.13168404189725,"Joint",0.99943516336361
0.00424756670775533,1.13727746868517,1.136806895876,1.13774804149434,"Joint",0.99943516336361
0.00426996179672867,1.14334457079321,1.14287705591143,1.14381208567499,"Joint",0.99943516336361
0.00429235688570201,1.14941167290124,1.14894717048279,1.14987617531969,"Joint",0.99943516336361
0.00431475197467535,1.15547877500927,1.15501723869986,1.15594031131869,"Joint",0.99943516336361
0.0043371470636487,1.16154587711731,1.16108725966324,1.16200449457137,"Joint",0.99943516336361
0.00435954215262204,1.16761297922534,1.16715723246501,1.16806872598567,"Joint",0.99943516336361
0.00438193724159538,1.17368008133337,1.17322715618942,1.17413300647733,"Joint",0.99943516336361
0.00440433233056872,1.17974718344141,1.17929702991359,1.18019733696923,"Joint",0.99943516336361
0.00442672741954206,1.18581428554944,1.18536685270834,1.18626171839054,"Joint",0.99943516336361
0.0044491225085154,1.19188138765747,1.19143662363905,1.1923261516759,"Joint",0.99943516336361
0.00447151759748874,1.19794848976551,1.19750634176655,1.19839063776446,"Joint",0.99943516336361
0.00449391268646209,1.20401559187354,1.20357600614813,1.20445517759895,"Joint",0.99943516336361
0.00451630777543543,1.21008269398157,1.20964561583857,1.21051977212457,"Joint",0.99943516336361
0.00453870286440877,1.21614979608961,1.21571516989125,1.21658442228796,"Joint",0.99943516336361
0.00456109795338211,1.22221689819764,1.2217846673593,1.22264912903598,"Joint",0.99943516336361
0.00458349304235545,1.22828400030567,1.22785410729685,1.2287138933145,"Joint",0.99943516336361
0.00460588813132879,1.23435110241371,1.23392348876032,1.23477871606709,"Joint",0.99943516336361
0.00462828322030213,1.24041820452174,1.23999281080976,1.24084359823371,"Joint",0.99943516336361
0.00465067830927548,1.24648530662977,1.24606207251026,1.24690854074929,"Joint",0.99943516336361
0.00467307339824882,1.25255240873781,1.25213127293339,1.25297354454222,"Joint",0.99943516336361
0.00469546848722216,1.25861951084584,1.25820041115877,1.25903861053291,"Joint",0.99943516336361
0.0047178635761955,1.26468661295387,1.26426948627557,1.26510373963218,"Joint",0.99943516336361
0.00474025866516884,1.27075371506191,1.27033849738417,1.27116893273964,"Joint",0.99943516336361
0.00476265375414218,1.27682081716994,1.27640744359778,1.2772341907421,"Joint",0.99943516336361
0.00478504884311552,1.28288791927797,1.28247632404413,1.28329951451182,"Joint",0.99943516336361
0.00480744393208887,1.28895502138601,1.2885451378672,1.28936490490481,"Joint",0.99943516336361
0.00482983902106221,1.29502212349404,1.29461388422895,1.29543036275913,"Joint",0.99943516336361
0.00485223411003555,1.30108922560207,1.30068256231108,1.30149588889306,"Joint",0.99943516336361
0.00487462919900889,1.30715632771011,1.30675117131682,1.30756148410339,"Joint",0.99943516336361
0.00489702428798223,1.31322342981814,1.31281971047267,1.31362714916361,"Joint",0.99943516336361
0.00491941937695557,1.31929053192617,1.3188881790302,1.31969288482214,"Joint",0.99943516336361
0.00494181446592891,1.32535763403421,1.3249565762678,1.32575869180061,"Joint",0.99943516336361
0.00496420955490226,1.33142473614224,1.33102490149243,1.33182457079205,"Joint",0.99943516336361
0.0049866046438756,1.33749183825027,1.33709315404129,1.33789052245926,"Joint",0.99943516336361
0.00500899973284894,1.34355894035831,1.34316133328354,1.34395654743307,"Joint",0.99943516336361
0.00503139482182228,1.34962604246634,1.34922943862191,1.35002264631077,"Joint",0.99943516336361
0.00505378991079562,1.35569314457437,1.35529746949424,1.3560888196545,"Joint",0.99943516336361
0.00507618499976896,1.36176024668241,1.36136542537503,1.36215506798978,"Joint",0.99943516336361
0.0050985800887423,1.36782734879044,1.36743330577681,1.36822139180407,"Joint",0.99943516336361
0.00512097517771564,1.37389445089847,1.37350111025155,1.37428779154539,"Joint",0.99943516336361
0.00514337026668899,1.37996155300651,1.37956883839186,1.38035426762115,"Joint",0.99943516336361
0.00516576535566233,1.38602865511454,1.38563648983216,1.38642082039691,"Joint",0.99943516336361
0.00518816044463567,1.39209575722257,1.39170406424976,1.39248745019538,"Joint",0.99943516336361
0.00521055553360901,1.39816285933061,1.39777156136575,1.39855415729546,"Joint",0.99943516336361
0.00523295062258235,1.40422996143864,1.40383898094583,1.40462094193145,"Joint",0.99943516336361
0.00525534571155569,1.41029706354667,1.40990632280102,1.41068780429233,"Joint",0.99943516336361
0.00527774080052903,1.41636416565471,1.41597358678817,1.41675474452124,"Joint",0.99943516336361
0.00530013588950238,1.42243126776274,1.42204077281046,1.42282176271501,"Joint",0.99943516336361
0.00532253097847572,1.42849836987077,1.42810788081763,1.42888885892392,"Joint",0.99943516336361
0.00534492606744906,1.43456547197881,1.43417491080612,1.43495603315149,"Joint",0.99943516336361
0.0053673211564224,1.44063257408684,1.44024186281916,1.44102328535452,"Joint",0.99943516336361
0.00538971624539574,1.44669967619487,1.44630873694655,1.4470906154432,"Joint",0.99943516336361
0.00541211133436908,1.45276677830291,1.45237553332444,1.45315802328137,"Joint",0.99943516336361
0.00543450642334242,1.45883388041094,1.45844225213493,1.45922550868695,"Joint",0.99943516336361
0.00545690151231577,1.46490098251897,1.46450889360549,1.46529307143246,"Joint",0.99943516336361
0.00547929660128911,1.47096808462701,1.47057545800834,1.47136071124567,"Joint",0.99943516336361
0.00550169169026245,1.47703518673504,1.47664194565962,1.47742842781046,"Joint",0.99943516336361
0.00552408677923579,1.48310228884307,1.48270835691848,1.48349622076767,"Joint",0.99943516336361
0.00554648186820913,1.48916939095111,1.48877469218605,1.48956408971616,"Joint",0.99943516336361
0.00556887695718247,1.49523649305914,1.49484095190431,1.49563203421397,"Joint",0.99943516336361
0.00559127204615581,1.50130359516717,1.50090713655484,1.50170005377951,"Joint",0.99943516336361
0.00561366713512916,1.50737069727521,1.50697324665748,1.50776814789293,"Joint",0.99943516336361
0.0056360622241025,1.51343779938324,1.51303928276894,1.51383631599754,"Joint",0.99943516336361
0.00565845731307584,1.51950490149127,1.51910524548129,1.51990455750126,"Joint",0.99943516336361
0.00568085240204918,1.52557200359931,1.52517113542039,1.52597287177822,"Joint",0.99943516336361
0.00570324749102252,1.53163910570734,1.53123695324431,1.53204125817037,"Joint",0.99943516336361
0.00572564257999586,1.53770620781537,1.53730269964162,1.53810971598912,"Joint",0.99943516336361
0.0057480376689692,1.54377330992341,1.54336837532974,1.54417824451707,"Joint",0.99943516336361
0.00577043275794255,1.54984041203144,1.54943398105314,1.55024684300973,"Joint",0.99943516336361
0.00579282784691589,1.55590751413947,1.55549951758165,1.55631551069729,"Joint",0.99943516336361
0.00581522293588923,1.56197461624751,1.56156498570864,1.56238424678637,"Joint",0.99943516336361
0.00583761802486257,1.56804171835554,1.56763038624926,1.56845305046181,"Joint",0.99943516336361
0.00586001311383591,1.57410882046357,1.57369572003869,1.57452192088846,"Joint",0.99943516336361
0.00588240820280925,1.58017592257161,1.57976098793033,1.58059085721289,"Joint",0.99943516336361
0.00590480329178259,1.58624302467964,1.5858261907941,1.58665985856518,"Joint",0.99943516336361
0.00592719838075594,1.59231012678767,1.59189132951472,1.59272892406063,"Joint",0.99943516336361
0.00594959346972928,1.59837722889571,1.59795640498997,1.59879805280144,"Joint",0.99943516336361
0.00597198855870262,1.60444433100374,1.60402141812908,1.6048672438784,"Joint",0.99943516336361
0.00599438364767596,1.61051143311177,1.61008636985111,1.61093649637244,"Joint",0.99943516336361
0.0060167787366493,1.61657853521981,1.61615126108334,1.61700580935627,"Joint",0.99943516336361
0.00603917382562264,1.62264563732784,1.62221609275982,1.62307518189586,"Joint",0.99943516336361
0.00606156891459598,1.62871273943587,1.62828086581982,1.62914461305193,"Joint",0.99943516336361
0.00608396400356932,1.63477984154391,1.63434558120646,1.63521410188135,"Joint",0.99943516336361
0.00610635909254267,1.64084694365194,1.64041023986535,1.64128364743853,"Joint",0.99943516336361
0.00612875418151601,1.64691404575997,1.64647484274329,1.64735324877666,"Joint",0.99943516336361
0.00615114927048935,1.65298114786801,1.652539390787,1.65342290494901,"Joint",0.99943516336361
0.00617354435946269,1.65904824997604,1.65860388494201,1.65949261501007,"Joint",0.99943516336361
0.00619593944843603,1.66511535208407,1.66466832615146,1.66556237801668,"Joint",0.99943516336361
0.00621833453740937,1.67118245419211,1.67073271535512,1.67163219302909,"Joint",0.99943516336361
0.00624072962638271,1.67724955630014,1.67679705348837,1.67770205911191,"Joint",0.99943516336361
0.00626312471535606,1.68331665840817,1.68286134148126,1.68377197533508,"Joint",0.99943516336361
0.0062855198043294,1.68938376051621,1.68892558025767,1.68984194077474,"Joint",0.99943516336361
0.00630791489330274,1.69545086262424,1.69498977073449,1.69591195451399,"Joint",0.99943516336361
0.00633030998227608,1.70151796473227,1.70105391382086,1.70198201564368,"Joint",0.99943516336361
0.00635270507124942,1.70758506684031,1.70711801041752,1.7080521232631,"Joint",0.99943516336361
0.00637510016022276,1.71365216894834,1.7131820614161,1.71412227648058,"Joint",0.99943516336361
0.0063974952491961,1.71971927105637,1.71924606769864,1.7201924744141,"Joint",0.99943516336361
0.00641989033816945,1.72578637316441,1.72531003013698,1.72626271619183,"Joint",0.99943516336361
0.00644228542714279,1.73185347527244,1.73137394959233,1.73233300095255,"Joint",0.99943516336361
0.00646468051611613,1.73792057738047,1.73743782691481,1.73840332784614,"Joint",0.99943516336361
0.00648707560508947,1.74398767948851,1.74350166294309,1.74447369603392,"Joint",0.99943516336361
0.00650947069406281,1.75005478159654,1.74956545850405,1.75054410468903,"Joint",0.99943516336361
0.00653186578303615,1.75612188370457,1.75562921441248,1.75661455299667,"Joint",0.99943516336361
0.00655426087200949,1.76218898581261,1.76169293147082,1.76268504015439,"Joint",0.99943516336361
0.00657665596098284,1.76825608792064,1.76775661046895,1.76875556537233,"Joint",0.99943516336361
0.00659905104995618,1.77432319002867,1.77382025218402,1.77482612787333,"Joint",0.99943516336361
0.00662144613892952,1.78039029213671,1.77988385738026,1.78089672689315,"Joint",0.99943516336361
0.00664384122790286,1.78645739424474,1.78594742680893,1.78696736168055,"Joint",0.99943516336361
0.0066662363168762,1.79252449635277,1.79201096120817,1.79303803149738,"Joint",0.99943516336361
0.00668863140584954,1.7985915984608,1.79807446130298,1.79910873561863,"Joint",0.99943516336361
0.00671102649482288,1.80465870056884,1.80413792780517,1.8051794733325,"Joint",0.99943516336361
0.00673342158379622,1.81072580267687,1.81020136141339,1.81125024394036,"Joint",0.99943516336361
0.00675581667276957,1.81679290478491,1.81626476281306,1.81732104675675,"Joint",0.99943516336361
0.00677821176174291,1.82286000689294,1.82232813267651,1.82339188110937,"Joint",0.99943516336361
0.00680060685071625,1.82892710900097,1.82839147166294,1.829462746339,"Joint",0.99943516336361
0.00682300193968959,1.834994211109,1.83445478041857,1.83553364179944,"Joint",0.99943516336361
0.00684539702866293,1.84106131321704,1.84051805957667,1.84160456685741,"Joint",0.99943516336361
0.00686779211763627,1.84712841532507,1.84658130975768,1.84767552089247,"Joint",0.99943516336361
0.00689018720660962,1.85319551743311,1.85264453156933,1.85374650329688,"Joint",0.99943516336361
0.00691258229558296,1.85926261954114,1.85870772560678,1.8598175134755,"Joint",0.99943516336361
0.0069349773845563,1.86532972164917,1.86477089245272,1.86588855084562,"Joint",0.99943516336361
0.00695737247352964,1.8713968237572,1.87083403267757,1.87195961483684,"Joint",0.99943516336361
0.00697976756250298,1.87746392586524,1.87689714683956,1.87803070489091,"Joint",0.99943516336361
0.00700216265147632,1.88353102797327,1.88296023548499,1.88410182046155,"Joint",0.99943516336361
0.00702455774044966,1.8895981300813,1.88902329914833,1.89017296101428,"Joint",0.99943516336361
0.007046952829423,1.89566523218934,1.8950863383524,1.89624412602628,"Joint",0.99943516336361
0.00706934791839635,1.90173233429737,1.9011493536086,1.90231531498615,"Joint",0.99943516336361
0.00709174300736969,1.9077994364054,1.90721234541703,1.90838652739378,"Joint",0.99943516336361
0.00711413809634303,1.91386653851344,1.91327531426674,1.91445776276014,"Joint",0.99943516336361
0.00713653318531637,1.91993364062147,1.91933826063588,1.92052902060706,"Joint",0.99943516336361
0.00715892827428971,1.9260007427295,1.92540118499192,1.92660030046709,"Joint",0.99943516336361
0.00718132336326305,1.93206784483754,1.93146408779181,1.93267160188327,"Joint",0.99943516336361
0.0072037184522364,1.93813494694557,1.93752696948222,1.93874292440892,"Joint",0.99943516336361
0.00722611354120974,1.9442020490536,1.94358983049973,1.94481426760748,"Joint",0.99943516336361
0.00724850863018308,1.95026915116164,1.94965267127097,1.9508856310523,"Joint",0.99943516336361
0.00727090371915642,1.95633625326967,1.95571549221292,1.95695701432642,"Joint",0.99943516336361
0.00729329880812976,1.9624033553777,1.96177829373301,1.9630284170224,"Joint",0.99943516336361
0.0073156938971031,1.96847045748574,1.96784107622938,1.9690998387421,"Joint",0.99943516336361
0.00733808898607644,1.97453755959377,1.97390384009103,1.97517127909652,"Joint",0.99943516336361
0.00736048407504978,1.9806046617018,1.97996658569805,1.98124273770556,"Joint",0.99943516336361
0.00738287916402313,1.98667176380984,1.98602931342181,1.98731421419786,"Joint",0.99943516336361
0.00740527425299647,1.99273886591787,1.99209202362513,1.99338570821062,"Joint",0.99943516336361
0.00742766934196981,1.9988059680259,1.99815471666245,1.99945721938936,"Joint",0.99943516336361
0.00745006443094315,2.00487307013394,2.00421739288008,2.00552874738779,"Joint",0.99943516336361
0.00747245951991649,2.01094017224197,2.01028005261633,2.01160029186761,"Joint",0.99943516336361
0.00749485460888983,2.01700727435,2.01634269620172,2.01767185249829,"Joint",0.99943516336361
0.00751724969786317,2.02307437645804,2.02240532395911,2.02374342895696,"Joint",0.99943516336361
0.00753964478683652,2.02914147856607,2.02846793620396,2.02981502092818,"Joint",0.99943516336361
0.00756203987580986,2.0352085806741,2.03453053324442,2.03588662810379,"Joint",0.99943516336361
0.0075844349647832,2.04127568278214,2.04059311538154,2.04195825018273,"Joint",0.99943516336361
0.00760683005375654,2.04734278489017,2.04665568290945,2.04802988687089,"Joint",0.99943516336361
0.00762922514272988,2.0534098869982,2.05271823611548,2.05410153788093,"Joint",0.99943516336361
0.00765162023170322,2.05947698910624,2.05878077528037,2.06017320293211,"Joint",0.99943516336361
0.00767401532067656,2.06554409121427,2.06484330067837,2.06624488175017,"Joint",0.99943516336361
0.0076964104096499,2.0716111933223,2.07090581257747,2.07231657406714,"Joint",0.99943516336361
0.00771880549862325,2.07767829543034,2.07696831123949,2.07838827962119,"Joint",0.99943516336361
0.00774120058759659,2.08374539753837,2.08303079692023,2.08445999815651,"Joint",0.99943516336361
0.00776359567656993,2.0898124996464,2.08909326986968,2.09053172942313,"Joint",0.99943516336361
0.00778599076554327,2.09587960175444,2.09515573033207,2.09660347317681,"Joint",0.99943516336361
0.00780838585451661,2.10194670386247,2.10121817854608,2.10267522917886,"Joint",0.99943516336361
0.00783078094348995,2.1080138059705,2.10728061474496,2.10874699719605,"Joint",0.99943516336361
0.0078531760324633,2.11408090807854,2.11334303915662,2.11481877700045,"Joint",0.99943516336361
0.00787557112143664,2.12014801018657,2.11940545200384,2.1208905683693,"Joint",0.99943516336361
0.00789796621040998,2.1262151122946,2.12546785350432,2.12696237108489,"Joint",0.99943516336361
0.00792036129938332,2.13228221440264,2.13153024387085,2.13303418493443,"Joint",0.99943516336361
0.00794275638835666,2.13834931651067,2.13759262331141,2.13910600970993,"Joint",0.99943516336361
0.00796515147733,2.1444164186187,2.14365499202931,2.1451778452081,"Joint",0.99943516336361
0.00798754656630334,2.15048352072674,2.14971735022328,2.1512496912302,"Joint",0.99943516336361
0.00800994165527668,2.15655062283477,2.15577969808759,2.15732154758195,"Joint",0.99943516336361
0.00803233674425003,2.1626177249428,2.16184203581219,2.16339341407342,"Joint",0.99943516336361
0.00805473183322337,2.16868482705084,2.16790436358276,2.16946529051891,"Joint",0.99943516336361
0.00807712692219671,2.17475192915887,2.17396668158087,2.17553717673687,"Joint",0.99943516336361
0.00809952201117005,2.1808190312669,2.18002898998405,2.18160907254976,"Joint",0.99943516336361
0.00812191710014339,2.18688613337494,2.1860912889659,2.18768097778398,"Joint",0.99943516336361
0.00814431218911673,2.19295323548297,2.19215357869619,2.19375289226975,"Joint",0.99943516336361
0.00816670727809007,2.199020337591,2.19821585934094,2.19982481584106,"Joint",0.99943516336361
0.00818910236706342,2.20508743969904,2.20427813106255,2.20589674833553,"Joint",0.99943516336361
0.00821149745603676,2.21115454180707,2.21034039401982,2.21196868959432,"Joint",0.99943516336361
0.0082338925450101,2.2172216439151,2.21640264836813,2.21804063946208,"Joint",0.99943516336361
0.00825628763398344,2.22328874602314,2.22246489425943,2.22411259778684,"Joint",0.99943516336361
0.00827868272295678,2.22935584813117,2.22852713184241,2.23018456441993,"Joint",0.99943516336361
0.00830107781193012,2.2354229502392,2.23458936126252,2.23625653921589,"Joint",0.99943516336361
0.00832347290090346,2.24149005234724,2.24065158266206,2.24232852203242,"Joint",0.99943516336361
0.0083458679898768,2.24755715445527,2.24671379618029,2.24840051273025,"Joint",0.99943516336361
0.00836826307885015,2.2536242565633,2.25277600195348,2.25447251117313,"Joint",0.99943516336361
0.00839065816782349,2.25969135867134,2.25883820011497,2.26054451722771,"Joint",0.99943516336361
0.00841305325679683,2.26575846077937,2.26490039079526,2.26661653076348,"Joint",0.99943516336361
0.00843544834577017,2.2718255628874,2.27096257412209,2.27268855165272,"Joint",0.99943516336361
0.00845784343474351,2.27789266499544,2.27702475022048,2.2787605797704,"Joint",0.99943516336361
0.00848023852371685,2.28395976710347,2.28308691921281,2.28483261499413,"Joint",0.99943516336361
0.0085026336126902,2.2900268692115,2.28914908121889,2.29090465720412,"Joint",0.99943516336361
0.00852502870166354,2.29609397131954,2.29521123635601,2.29697670628306,"Joint",0.99943516336361
0.00854742379063688,2.30216107342757,2.30127338473902,2.30304876211612,"Joint",0.99943516336361
0.00856981887961022,2.3082281755356,2.30733552648036,2.30912082459085,"Joint",0.99943516336361
0.00859221396858356,2.31429527764364,2.31339766169013,2.31519289359715,"Joint",0.99943516336361
0.0086146090575569,2.32036237975167,2.31945979047616,2.32126496902718,"Joint",0.99943516336361
0.00863700414653024,2.3264294818597,2.32552191294406,2.32733705077534,"Joint",0.99943516336361
0.00865939923550359,2.33249658396774,2.33158402919726,2.33340913873821,"Joint",0.99943516336361
0.00868179432447693,2.33856368607577,2.33764613933707,2.33948123281447,"Joint",0.99943516336361
0.00870418941345027,2.3446307881838,2.34370824346273,2.34555333290488,"Joint",0.99943516336361
0.00872658450242361,2.35069789029184,2.34977034167146,2.35162543891222,"Joint",0.99943516336361
0.00874897959139695,2.35676499239987,2.3558324340585,2.35769755074124,"Joint",0.99943516336361
0.00877137468037029,2.3628320945079,2.36189452071717,2.36376966829864,"Joint",0.99943516336361
0.00879376976934363,2.36889919661594,2.36795660173892,2.36984179149295,"Joint",0.99943516336361
0.00881616485831697,2.37496629872397,2.37401867721336,2.37591392023459,"Joint",0.99943516336361
0.00883855994729032,2.381033400832,2.38008074722828,2.38198605443573,"Joint",0.99943516336361
0.00886095503626366,2.38710050294004,2.38614281186975,2.38805819401033,"Joint",0.99943516336361
0.008883350125237,2.39316760504807,2.39220487122212,2.39413033887402,"Joint",0.99943516336361
0.00890574521421034,2.3992347071561,2.39826692536806,2.40020248894415,"Joint",0.99943516336361
0.00892814030318368,2.40530180926414,2.40432897438863,2.40627464413964,"Joint",0.99943516336361
0.00895053539215702,2.41136891137217,2.41039101836328,2.41234680438106,"Joint",0.99943516336361
0.00897293048113037,2.4174360134802,2.4164530573699,2.4184189695905,"Joint",0.99943516336361
0.00899532557010371,2.42350311558824,2.42251509148488,2.4244911396916,"Joint",0.99943516336361
0.00901772065907705,2.42957021769627,2.42857712078309,2.43056331460946,"Joint",0.99943516336361
0.00904011574805039,2.4356373198043,2.43463914533797,2.43663549427063,"Joint",0.99943516336361
0.00906251083702373,2.44170442191234,2.44070116522156,2.44270767860312,"Joint",0.99943516336361
0.00908490592599707,2.44777152402037,2.44676318050447,2.44877986753627,"Joint",0.99943516336361
0.00910730101497041,2.4538386261284,2.45282519125599,2.45485206100082,"Joint",0.99943516336361
0.00912969610394376,2.45990572823644,2.45888719754406,2.46092425892881,"Joint",0.99943516336361
0.0091520911929171,2.46597283034447,2.46494919943536,2.46699646125358,"Joint",0.99943516336361
0.00917448628189044,2.4720399324525,2.47101119699527,2.47306866790974,"Joint",0.99943516336361
0.00919688137086378,2.47810703456054,2.47707319028795,2.47914087883312,"Joint",0.99943516336361
0.00921927645983712,2.48417413666857,2.48313517937635,2.48521309396079,"Joint",0.99943516336361
0.00924167154881046,2.4902412387766,2.48919716432224,2.49128531323097,"Joint",0.99943516336361
0.0092640666377838,2.49630834088464,2.49525914518623,2.49735753658304,"Joint",0.99943516336361
0.00928646172675714,2.50237544299267,2.5013211220278,2.50342976395754,"Joint",0.99943516336361
0.00930885681573049,2.5084425451007,2.50738309490533,2.50950199529608,"Joint",0.99943516336361
0.00933125190470383,2.51450964720874,2.51344506387612,2.51557423054136,"Joint",0.99943516336361
0.00935364699367717,2.52057674931677,2.5195070289964,2.52164646963714,"Joint",0.99943516336361
0.00937604208265051,2.5266438514248,2.52556899032138,2.52771871252822,"Joint",0.99943516336361
0.00939843717162385,2.53271095353284,2.53163094790527,2.5337909591604,"Joint",0.99943516336361
0.00942083226059719,2.53877805564087,2.53769290180126,2.53986320948048,"Joint",0.99943516336361
0.00944322734957053,2.5448451577489,2.54375485206161,2.5459354634362,"Joint",0.99943516336361
0.00946562243854387,2.55091225985694,2.54981679873759,2.55200772097628,"Joint",0.99943516336361
0.00948801752751722,2.55697936196497,2.55587874187959,2.55807998205035,"Joint",0.99943516336361
0.00951041261649056,2.563046464073,2.56194068153706,2.56415224660895,"Joint",0.99943516336361
0.0095328077054639,2.56911356618104,2.56800261775858,2.5702245146035,"Joint",0.99943516336361
0.00955520279443724,2.57518066828907,2.57406455059186,2.57629678598628,"Joint",0.99943516336361
0.00957759788341058,2.5812477703971,2.58012648008376,2.58236906071045,"Joint",0.99943516336361
0.00959999297238393,2.58731487250514,2.58618840628031,2.58844133872996,"Joint",0.99943516336361
0.00962238806135727,2.59338197461317,2.59225032922673,2.59451361999961,"Joint",0.99943516336361
0.00964478315033061,2.5994490767212,2.59831224896744,2.60058590447497,"Joint",0.99943516336361
0.00966717823930395,2.60551617882924,2.60437416554607,2.6066581921124,"Joint",0.99943516336361
0.00968957332827729,2.61158328093727,2.61043607900552,2.61273048286902,"Joint",0.99943516336361
0.00971196841725063,2.6176503830453,2.6164979893879,2.6188027767027,"Joint",0.99943516336361
0.00973436350622397,2.62371748515334,2.62255989673463,2.62487507357204,"Joint",0.99943516336361
0.00975675859519731,2.62978458726137,2.62862180108639,2.63094737343635,"Joint",0.99943516336361
0.00977915368417066,2.6358516893694,2.63468370248316,2.63701967625565,"Joint",0.99943516336361
0.009801548773144,2.64191879147744,2.64074560096424,2.64309198199063,"Joint",0.99943516336361
0.00982394386211734,2.64798589358547,2.64680749656826,2.64916429060268,"Joint",0.99943516336361
0.00984633895109068,2.6540529956935,2.65286938933318,2.65523660205383,"Joint",0.99943516336361
0.003028801962169,0.808779431979318,0.807960803994376,0.809598059964259,"Prevalence",0.992527189741387
0.00303589897987638,0.810704870088133,0.80989229361705,0.811517446559215,"Prevalence",0.992527189741387
0.00304299599758377,0.812630308196947,0.811823777958414,0.81343683843548,"Prevalence",0.992527189741387
0.00305009301529115,0.814555746305762,0.813755256898797,0.815356235712727,"Prevalence",0.992527189741387
0.00305719003299854,0.816481184414577,0.815686730314995,0.817275638514159,"Prevalence",0.992527189741387
0.00306428705070592,0.818406622523392,0.817618198080146,0.819195046966637,"Prevalence",0.992527189741387
0.00307138406841331,0.820332060632207,0.819549660063601,0.821114461200813,"Prevalence",0.992527189741387
0.00307848108612069,0.822257498741021,0.821481116130779,0.823033881351264,"Prevalence",0.992527189741387
0.00308557810382808,0.824182936849836,0.823412566143031,0.824953307556641,"Prevalence",0.992527189741387
0.00309267512153546,0.826108374958651,0.825344009957488,0.826872739959814,"Prevalence",0.992527189741387
0.00309977213924285,0.828033813067466,0.827275447426902,0.82879217870803,"Prevalence",0.992527189741387
0.00310686915695023,0.829959251176281,0.82920687839949,0.830711623953072,"Prevalence",0.992527189741387
0.00311396617465762,0.831884689285096,0.831138302718758,0.832631075851433,"Prevalence",0.992527189741387
0.003121063192365,0.83381012739391,0.833069720223331,0.83455053456449,"Prevalence",0.992527189741387
0.00312816021007238,0.835735565502725,0.835001130746762,0.836470000258688,"Prevalence",0.992527189741387
0.00313525722777977,0.83766100361154,0.836932534117346,0.838389473105734,"Prevalence",0.992527189741387
0.00314235424548715,0.839586441720355,0.838863930157914,0.840308953282796,"Prevalence",0.992527189741387
0.00314945126319454,0.84151187982917,0.840795318685628,0.842228440972711,"Prevalence",0.992527189741387
0.00315654828090192,0.843437317937985,0.84272669951176,0.84414793636421,"Prevalence",0.992527189741387
0.00316364529860931,0.8453627560468,0.844658072441462,0.846067439652138,"Prevalence",0.992527189741387
0.00317074231631669,0.847288194155614,0.846589437273532,0.847986951037697,"Prevalence",0.992527189741387
0.00317783933402408,0.849213632264429,0.848520793800163,0.849906470728696,"Prevalence",0.992527189741387
0.00318493635173146,0.851139070373244,0.85045214180668,0.851825998939808,"Prevalence",0.992527189741387
0.00319203336943885,0.853064508482059,0.852383481071275,0.853745535892843,"Prevalence",0.992527189741387
0.00319913038714623,0.854989946590874,0.854314811364714,0.855665081817033,"Prevalence",0.992527189741387
0.00320622740485361,0.856915384699689,0.856246132450049,0.857584636949328,"Prevalence",0.992527189741387
0.003213324422561,0.858840822808503,0.858177444082301,0.859504201534705,"Prevalence",0.992527189741387
0.00322042144026838,0.860766260917318,0.86010874600814,0.861423775826497,"Prevalence",0.992527189741387
0.00322751845797577,0.862691699026133,0.862040037965542,0.863343360086724,"Prevalence",0.992527189741387
0.00323461547568315,0.864617137134948,0.863971319683439,0.865262954586456,"Prevalence",0.992527189741387
0.00324171249339054,0.866542575243763,0.865902590881345,0.867182559606181,"Prevalence",0.992527189741387
0.00324880951109792,0.868468013352578,0.867833851268966,0.869102175436189,"Prevalence",0.992527189741387
0.00325590652880531,0.870393451461392,0.8697651005458,0.871021802376984,"Prevalence",0.992527189741387
0.00326300354651269,0.872318889570207,0.871696338400708,0.872941440739706,"Prevalence",0.992527189741387
0.00327010056422008,0.874244327679022,0.873627564511471,0.874861090846573,"Prevalence",0.992527189741387
0.00327719758192746,0.876169765787837,0.875558778544325,0.876780753031349,"Prevalence",0.992527189741387
0.00328429459963485,0.878095203896652,0.877489980153474,0.87870042763983,"Prevalence",0.992527189741387
0.00329139161734223,0.880020642005467,0.879421168980584,0.880620115030349,"Prevalence",0.992527189741387
0.00329848863504961,0.881946080114281,0.881352344654248,0.882539815574315,"Prevalence",0.992527189741387
0.003305585652757,0.883871518223096,0.883283506789427,0.884459529656765,"Prevalence",0.992527189741387
0.00331268267046438,0.885796956331911,0.885214654986873,0.886379257676949,"Prevalence",0.992527189741387
0.00331977968817177,0.887722394440726,0.887145788832511,0.888299000048941,"Prevalence",0.992527189741387
0.00332687670587915,0.889647832549541,0.889076907896805,0.890218757202276,"Prevalence",0.992527189741387
0.00333397372358654,0.891573270658356,0.89100801173409,0.892138529582621,"Prevalence",0.992527189741387
0.00334107074129392,0.89349870876717,0.892939099881871,0.89405831765247,"Prevalence",0.992527189741387
0.00334816775900131,0.895424146875985,0.894870171860092,0.895978121891879,"Prevalence",0.992527189741387
0.00335526477670869,0.8973495849848,0.89680122717037,0.89789794279923,"Prevalence",0.992527189741387
0.00336236179441608,0.899275023093615,0.898732265295197,0.899817780892033,"Prevalence",0.992527189741387
0.00336945881212346,0.90120046120243,0.900663285697102,0.901737636707758,"Prevalence",0.992527189741387
0.00337655582983085,0.903125899311245,0.902594287817775,0.903657510804714,"Prevalence",0.992527189741387
0.00338365284753823,0.90505133742006,0.904525271077154,0.905577403762965,"Prevalence",0.992527189741387
0.00339074986524561,0.906976775528874,0.906456234872468,0.90749731618528,"Prevalence",0.992527189741387
0.003397846882953,0.908902213637689,0.908387178577243,0.909417248698135,"Prevalence",0.992527189741387
0.00340494390066038,0.910827651746504,0.910318101540253,0.911337201952755,"Prevalence",0.992527189741387
0.00341204091836777,0.912753089855319,0.912249003084439,0.913257176626198,"Prevalence",0.992527189741387
0.00341913793607515,0.914678527964134,0.914179882505771,0.915177173422496,"Prevalence",0.992527189741387
0.00342623495378254,0.916603966072948,0.916110739072066,0.91709719307383,"Prevalence",0.992527189741387
0.00343333197148992,0.918529404181763,0.918041572021756,0.91901723634177,"Prevalence",0.992527189741387
0.00344042898919731,0.920454842290578,0.919972380562605,0.920937304018551,"Prevalence",0.992527189741387
0.00344752600690469,0.922380280399393,0.921903163870372,0.922857396928414,"Prevalence",0.992527189741387
0.00345462302461208,0.924305718508208,0.923833921087427,0.924777515928988,"Prevalence",0.992527189741387
0.00346172004231946,0.926231156617023,0.925764651321308,0.926697661912737,"Prevalence",0.992527189741387
0.00346881706002685,0.928156594725837,0.927695353643227,0.928617835808448,"Prevalence",0.992527189741387
0.00347591407773423,0.930082032834652,0.929626027086519,0.930538038582786,"Prevalence",0.992527189741387
0.00348301109544161,0.932007470943467,0.931556670645045,0.932458271241889,"Prevalence",0.992527189741387
0.003490108113149,0.933932909052282,0.933487283271533,0.934378534833031,"Prevalence",0.992527189741387
0.00349720513085638,0.935858347161097,0.935417863875871,0.936298830446322,"Prevalence",0.992527189741387
0.00350430214856377,0.937783785269912,0.937348411323353,0.93821915921647,"Prevalence",0.992527189741387
0.00351139916627115,0.939709223378726,0.93927892443287,0.940139522324583,"Prevalence",0.992527189741387
0.00351849618397854,0.941634661487541,0.941209401975064,0.942059921000019,"Prevalence",0.992527189741387
0.00352559320168592,0.943560099596356,0.943139842670436,0.943980356522276,"Prevalence",0.992527189741387
0.00353269021939331,0.945485537705171,0.945070245187421,0.945900830222921,"Prevalence",0.992527189741387
0.00353978723710069,0.947410975813986,0.947000608140431,0.947821343487541,"Prevalence",0.992527189741387
0.00354688425480808,0.949336413922801,0.948930930087879,0.949741897757722,"Prevalence",0.992527189741387
0.00355398127251546,0.951261852031615,0.950861209530187,0.951662494533044,"Prevalence",0.992527189741387
0.00356107829022284,0.95318729014043,0.952791444907792,0.953583135373069,"Prevalence",0.992527189741387
0.00356817530793023,0.955112728249245,0.954721634599158,0.955503821899333,"Prevalence",0.992527189741387
0.00357527232563761,0.95703816635806,0.956651776918816,0.957424555797303,"Prevalence",0.992527189741387
0.003582369343345,0.958963604466875,0.958581870115443,0.959345338818307,"Prevalence",0.992527189741387
0.00358946636105238,0.96088904257569,0.960511912369989,0.96126617278139,"Prevalence",0.992527189741387
0.00359656337875977,0.962814480684504,0.9624419017939,0.963187059575109,"Prevalence",0.992527189741387
0.00360366039646715,0.964739918793319,0.964371836427427,0.965108001159211,"Prevalence",0.992527189741387
0.00361075741417454,0.966665356902134,0.966301714238078,0.96702899956619,"Prevalence",0.992527189741387
0.00361785443188192,0.968590795010949,0.968231533119223,0.968950056902675,"Prevalence",0.992527189741387
0.00362495144958931,0.970516233119764,0.970161290888893,0.970871175350635,"Prevalence",0.992527189741387
0.00363204846729669,0.972441671228579,0.972090985288814,0.972792357168344,"Prevalence",0.992527189741387
0.00363914548500408,0.974367109337394,0.974020613983708,0.97471360469108,"Prevalence",0.992527189741387
0.00364624250271146,0.976292547446208,0.97595017456091,0.976634920331506,"Prevalence",0.992527189741387
0.00365333952041884,0.978217985555023,0.977879664530354,0.978556306579692,"Prevalence",0.992527189741387
0.00366043653812623,0.980143423663838,0.979809081324966,0.98047776600271,"Prevalence",0.992527189741387
0.00366753355583361,0.982068861772653,0.98173842230153,0.982399301243776,"Prevalence",0.992527189741387
0.003674630573541,0.983994299881468,0.983667684742085,0.98432091502085,"Prevalence",0.992527189741387
0.00368172759124838,0.985919737990283,0.985596865855907,0.986242610124658,"Prevalence",0.992527189741387
0.00368882460895577,0.987845176099097,0.987525962782141,0.988164389416053,"Prevalence",0.992527189741387
0.00369592162666315,0.989770614207912,0.989454972593146,0.990086255822678,"Prevalence",0.992527189741387
0.00370301864437054,0.991696052316727,0.991383892298617,0.992008212334837,"Prevalence",0.992527189741387
0.00371011566207792,0.993621490425542,0.993312718850547,0.993930262000537,"Prevalence",0.992527189741387
0.00371721267978531,0.995546928534357,0.995241449149082,0.995852407919631,"Prevalence",0.992527189741387
0.00372430969749269,0.997472366643172,0.997170080049333,0.99777465323701,"Prevalence",0.992527189741387
0.00373140671520008,0.999397804751986,0.999098608369179,0.999697001134794,"Prevalence",0.992527189741387
0.00373850373290746,1.0013232428608,1.00102703089811,1.00161945482349,"Prevalence",0.992527189741387
0.00374560075061484,1.00324868096962,1.00295534440715,1.00354201753208,"Prevalence",0.992527189741387
0.00375269776832223,1.00517411907843,1.00488354565982,1.00546469249704,"Prevalence",0.992527189741387
0.00375979478602961,1.00709955718725,1.00681163142423,1.00738748295026,"Prevalence",0.992527189741387
0.003766891803737,1.00902499529606,1.00873959848616,1.00931039210596,"Prevalence",0.992527189741387
0.00377398882144438,1.01095043340488,1.01066744366323,1.01123342314652,"Prevalence",0.992527189741387
0.00378108583915177,1.01287587151369,1.01259516381993,1.01315657920745,"Prevalence",0.992527189741387
0.00378818285685915,1.0148013096225,1.01452275588356,1.01507986336145,"Prevalence",0.992527189741387
0.00379527987456654,1.01672674773132,1.01645021686088,1.01700327860176,"Prevalence",0.992527189741387
0.00380237689227392,1.01865218584013,1.01837754385533,1.01892682782494,"Prevalence",0.992527189741387
0.00380947390998131,1.02057762394895,1.02030473408469,1.02085051381321,"Prevalence",0.992527189741387
0.00381657092768869,1.02250306205776,1.02223178489895,1.02277433921658,"Prevalence",0.992527189741387
0.00382366794539608,1.02442850016658,1.02415869379812,1.02469830653504,"Prevalence",0.992527189741387
0.00383076496310346,1.02635393827539,1.02608545844988,1.02662241810091,"Prevalence",0.992527189741387
0.00383786198081084,1.02827937638421,1.02801207670662,1.0285466760618,"Prevalence",0.992527189741387
0.00384495899851823,1.03020481449302,1.02993854662178,1.03047108236427,"Prevalence",0.992527189741387
0.00385205601622561,1.03213025260184,1.03186486646513,1.03239563873855,"Prevalence",0.992527189741387
0.003859153033933,1.03405569071065,1.03379103473671,1.0343203466846,"Prevalence",0.992527189741387
0.00386625005164038,1.03598112881947,1.03571705017926,1.03624520745967,"Prevalence",0.992527189741387
0.00387334706934777,1.03790656692828,1.03764291178882,1.03817022206775,"Prevalence",0.992527189741387
0.00388044408705515,1.0398320050371,1.03956861882333,1.04009539125086,"Prevalence",0.992527189741387
0.00388754110476254,1.04175744314591,1.04149417080911,1.04202071548271,"Prevalence",0.992527189741387
0.00389463812246992,1.04368288125473,1.043419567545,1.04394619496445,"Prevalence",0.992527189741387
0.00390173514017731,1.04560831936354,1.04534480910412,1.04587182962296,"Prevalence",0.992527189741387
0.00390883215788469,1.04753375747236,1.04726989583325,1.04779761911146,"Prevalence",0.992527189741387
0.00391592917559208,1.04945919558117,1.04919482834975,1.0497235628126,"Prevalence",0.992527189741387
0.00392302619329946,1.05138463368999,1.0511196075362,1.05164965984378,"Prevalence",0.992527189741387
0.00393012321100684,1.0533100717988,1.05304423453276,1.05357590906485,"Prevalence",0.992527189741387
0.00393722022871423,1.05523550990762,1.05496871072747,1.05550230908777,"Prevalence",0.992527189741387
0.00394431724642161,1.05716094801643,1.05689303774466,1.05742885828821,"Prevalence",0.992527189741387
0.003951414264129,1.05908638612525,1.05881721743167,1.05935555481882,"Prevalence",0.992527189741387
0.00395851128183638,1.06101182423406,1.06074125184418,1.06128239662394,"Prevalence",0.992527189741387
0.00396560829954377,1.06293726234288,1.06266514323033,1.06320938145542,"Prevalence",0.992527189741387
0.00397270531725115,1.06486270045169,1.06458889401396,1.06513650688942,"Prevalence",0.992527189741387
0.00397980233495854,1.06678813856051,1.06651250677722,1.06706377034379,"Prevalence",0.992527189741387
0.00398689935266592,1.06871357666932,1.06843598424281,1.06899116909583,"Prevalence",0.992527189741387
0.00399399637037331,1.07063901477814,1.0703593292561,1.07091870030017,"Prevalence",0.992527189741387
0.00400109338808069,1.07256445288695,1.07228254476733,1.07284636100657,"Prevalence",0.992527189741387
0.00400819040578808,1.07448989099576,1.07420563381423,1.0747741481773,"Prevalence",0.992527189741387
0.00401528742349546,1.07641532910458,1.07612859950497,1.07670205870419,"Prevalence",0.992527189741387
0.00402238444120284,1.07834076721339,1.07805144500199,1.0786300894248,"Prevalence",0.992527189741387
0.00402948145891023,1.08026620532221,1.07997417350645,1.08055823713797,"Prevalence",0.992527189741387
0.00403657847661761,1.08219164343102,1.08189678824368,1.08248649861837,"Prevalence",0.992527189741387
0.004043675494325,1.08411708153984,1.08381929244958,1.08441487063009,"Prevalence",0.992527189741387
0.00405077251203238,1.08604251964865,1.08574168935807,1.08634334993923,"Prevalence",0.992527189741387
0.00405786952973977,1.08796795775747,1.08766398218958,1.08827193332535,"Prevalence",0.992527189741387
0.00406496654744715,1.08989339586628,1.08958617414066,1.09020061759191,"Prevalence",0.992527189741387
0.00407206356515454,1.0918188339751,1.09150826837461,1.09212939957558,"Prevalence",0.992527189741387
0.00407916058286192,1.09374427208391,1.09343026801324,1.09405827615458,"Prevalence",0.992527189741387
0.00408625760056931,1.09566971019273,1.09535217612956,1.0959872442559,"Prevalence",0.992527189741387
0.00409335461827669,1.09759514830154,1.09727399574148,1.0979163008616,"Prevalence",0.992527189741387
0.00410045163598407,1.09952058641036,1.09919572980649,1.09984544301423,"Prevalence",0.992527189741387
0.00410754865369146,1.10144602451917,1.10111738121708,1.10177466782126,"Prevalence",0.992527189741387
0.00411464567139884,1.10337146262799,1.10303895279712,1.10370397245885,"Prevalence",0.992527189741387
0.00412174268910623,1.1052969007368,1.10496044729884,1.10563335417477,"Prevalence",0.992527189741387
0.00412883970681361,1.10722233884562,1.10688186740056,1.10756281029067,"Prevalence",0.992527189741387
0.004135936724521,1.10914777695443,1.10880321570507,1.1094923382038,"Prevalence",0.992527189741387
0.00414303374222838,1.11107321506325,1.11072449473847,1.11142193538803,"Prevalence",0.992527189741387
0.00415013075993577,1.11299865317206,1.1126457069496,1.11335159939452,"Prevalence",0.992527189741387
0.00415722777764315,1.11492409128088,1.11456685470987,1.11528132785188,"Prevalence",0.992527189741387
0.00416432479535054,1.11684952938969,1.11648794031344,1.11721111846595,"Prevalence",0.992527189741387
0.00417142181305792,1.11877496749851,1.11840896597781,1.1191409690192,"Prevalence",0.992527189741387
0.0041785188307653,1.12070040560732,1.12032993384467,1.12107087736997,"Prevalence",0.992527189741387
0.00418561584847269,1.12262584371614,1.12225084598097,1.1230008414513,"Prevalence",0.992527189741387
0.00419271286618007,1.12455128182495,1.12417170438026,1.12493085926964,"Prevalence",0.992527189741387
0.00419980988388746,1.12647671993377,1.12609251096414,1.12686092890339,"Prevalence",0.992527189741387
0.00420690690159484,1.12840215804258,1.12801326758391,1.12879104850125,"Prevalence",0.992527189741387
0.00421400391930223,1.1303275961514,1.12993397602229,1.1307212162805,"Prevalence",0.992527189741387
0.00422110093700961,1.13225303426021,1.13185463799528,1.13265143052514,"Prevalence",0.992527189741387
0.004228197954717,1.13417847236902,1.13377525515403,1.13458168958402,"Prevalence",0.992527189741387
0.00423529497242438,1.13610391047784,1.1356958290868,1.13651199186888,"Prevalence",0.992527189741387
0.00424239199013177,1.13802934858665,1.13761636132094,1.13844233585237,"Prevalence",0.992527189741387
0.00424948900783915,1.13995478669547,1.13953685332488,1.14037272006606,"Prevalence",0.992527189741387
0.00425658602554654,1.14188022480428,1.14145730651011,1.14230314309846,"Prevalence",0.992527189741387
0.00426368304325392,1.1438056629131,1.14337772223318,1.14423360359301,"Prevalence",0.992527189741387
0.0042707800609613,1.14573110102191,1.14529810179768,1.14616410024615,"Prevalence",0.992527189741387
0.00427787707866869,1.14765653913073,1.14721844645613,1.14809463180533,"Prevalence",0.992527189741387
0.00428497409637607,1.14958197723954,1.14913875741195,1.15002519706713,"Prevalence",0.992527189741387
0.00429207111408346,1.15150741534836,1.1510590358213,1.15195579487542,"Prevalence",0.992527189741387
0.00429916813179084,1.15343285345717,1.15297928279489,1.15388642411946,"Prevalence",0.992527189741387
0.00430626514949823,1.15535829156599,1.15489949939978,1.15581708373219,"Prevalence",0.992527189741387
0.00431336216720561,1.1572837296748,1.15681968666113,1.15774777268848,"Prevalence",0.992527189741387
0.004320459184913,1.15920916778362,1.15873984556382,1.15967849000341,"Prevalence",0.992527189741387
0.00432755620262038,1.16113460589243,1.16065997705415,1.16160923473071,"Prevalence",0.992527189741387
0.00433465322032777,1.16306004400125,1.16258008204135,1.16354000596114,"Prevalence",0.992527189741387
0.00434175023803515,1.16498548211006,1.16450016139914,1.16547080282099,"Prevalence",0.992527189741387
0.00434884725574254,1.16691092021888,1.16642021596717,1.16740162447058,"Prevalence",0.992527189741387
0.00435594427344992,1.16883635832769,1.16834024655247,1.16933247010292,"Prevalence",0.992527189741387
0.0043630412911573,1.17076179643651,1.17026025393076,1.17126333894226,"Prevalence",0.992527189741387
0.00437013830886469,1.17268723454532,1.17218023884779,1.17319423024285,"Prevalence",0.992527189741387
0.00437723532657207,1.17461267265414,1.1741002020206,1.17512514328767,"Prevalence",0.992527189741387
0.00438433234427946,1.17653811076295,1.17602014413869,1.17705607738721,"Prevalence",0.992527189741387
0.00439142936198684,1.17846354887177,1.17794006586522,1.17898703187831,"Prevalence",0.992527189741387
0.00439852637969423,1.18038898698058,1.17985996783809,1.18091800612307,"Prevalence",0.992527189741387
0.00440562339740161,1.1823144250894,1.18177985067102,1.18284899950777,"Prevalence",0.992527189741387
0.004412720415109,1.18423986319821,1.18369971495455,1.18478001144187,"Prevalence",0.992527189741387
0.00441981743281638,1.18616530130703,1.18561956125704,1.18671104135701,"Prevalence",0.992527189741387
0.00442691445052377,1.18809073941584,1.18753939012558,1.1886420887061,"Prevalence",0.992527189741387
0.00443401146823115,1.19001617752465,1.18945920208689,1.19057315296242,"Prevalence",0.992527189741387
0.00444110848593854,1.19194161563347,1.1913789976482,1.19250423361874,"Prevalence",0.992527189741387
0.00444820550364592,1.19386705374228,1.19329877729801,1.19443533018656,"Prevalence",0.992527189741387
0.0044553025213533,1.1957924918511,1.19521854150693,1.19636644219527,"Prevalence",0.992527189741387
0.00446239953906069,1.19771792995991,1.1971382907284,1.19829756919142,"Prevalence",0.992527189741387
0.00446949655676807,1.19964336806873,1.19905802539941,1.20022871073805,"Prevalence",0.992527189741387
0.00447659357447546,1.20156880617754,1.20097774594117,1.20215986641392,"Prevalence",0.992527189741387
0.00448369059218284,1.20349424428636,1.20289745275976,1.20409103581295,"Prevalence",0.992527189741387
0.00449078760989023,1.20541968239517,1.20481714624681,1.20602221854354,"Prevalence",0.992527189741387
0.00449788462759761,1.20734512050399,1.20673682678,1.20795341422798,"Prevalence",0.992527189741387
0.004504981645305,1.2092705586128,1.20865649472372,1.20988462250189,"Prevalence",0.992527189741387
0.00451207866301238,1.21119599672162,1.21057615042954,1.2118158430137,"Prevalence",0.992527189741387
0.00451917568071977,1.21312143483043,1.21249579423679,1.21374707542407,"Prevalence",0.992527189741387
0.00452627269842715,1.21504687293925,1.21441542647303,1.21567831940547,"Prevalence",0.992527189741387
0.00453336971613454,1.21697231104806,1.2163350474545,1.21760957464163,"Prevalence",0.992527189741387
0.00454046673384192,1.21889774915688,1.21825465748663,1.21954084082712,"Prevalence",0.992527189741387
0.0045475637515493,1.22082318726569,1.22017425686443,1.22147211766696,"Prevalence",0.992527189741387
0.00455466076925669,1.22274862537451,1.22209384587291,1.22340340487611,"Prevalence",0.992527189741387
0.00456175778696407,1.22467406348332,1.22401342478749,1.22533470217915,"Prevalence",0.992527189741387
0.00456885480467146,1.22659950159214,1.22593299387439,1.22726600930989,"Prevalence",0.992527189741387
0.00457595182237884,1.22852493970095,1.22785255339093,1.22919732601097,"Prevalence",0.992527189741387
0.00458304884008623,1.23045037780977,1.22977210358597,1.23112865203356,"Prevalence",0.992527189741387
0.00459014585779361,1.23237581591858,1.23169164470016,1.233059987137,"Prevalence",0.992527189741387
0.004597242875501,1.2343012540274,1.2336111769663,1.23499133108849,"Prevalence",0.992527189741387
0.00460433989320838,1.23622669213621,1.23553070060963,1.23692268366279,"Prevalence",0.992527189741387
0.00461143691091577,1.23815213024503,1.23745021584813,1.23885404464192,"Prevalence",0.992527189741387
0.00461853392862315,1.24007756835384,1.23936972289277,1.24078541381491,"Prevalence",0.992527189741387
0.00462563094633054,1.24200300646266,1.24128922194782,1.24271679097749,"Prevalence",0.992527189741387
0.00463272796403792,1.24392844457147,1.24320871321105,1.24464817593189,"Prevalence",0.992527189741387
0.0046398249817453,1.24585388268029,1.24512819687402,1.24657956848655,"Prevalence",0.992527189741387
0.00464692199945269,1.2477793207891,1.2470476731223,1.2485109684559,"Prevalence",0.992527189741387
0.00465401901716007,1.24970475889791,1.24896714213567,1.25044237566016,"Prevalence",0.992527189741387
0.00466111603486746,1.25163019700673,1.25088660408837,1.25237378992509,"Prevalence",0.992527189741387
0.00466821305257484,1.25355563511554,1.25280605914928,1.25430521108181,"Prevalence",0.992527189741387
0.00467531007028223,1.25548107322436,1.25472550748211,1.25623663896661,"Prevalence",0.992527189741387
0.00468240708798961,1.25740651133317,1.25664494924562,1.25816807342073,"Prevalence",0.992527189741387
0.004689504105697,1.25933194944199,1.25856438459376,1.26009951429022,"Prevalence",0.992527189741387
0.00469660112340438,1.2612573875508,1.26048381367589,1.26203096142571,"Prevalence",0.992527189741387
0.00470369814111177,1.26318282565962,1.2624032366369,1.26396241468233,"Prevalence",0.992527189741387
0.00471079515881915,1.26510826376843,1.26432265361739,1.26589387391947,"Prevalence",0.992527189741387
0.00471789217652653,1.26703370187725,1.26624206475383,1.26782533900067,"Prevalence",0.992527189741387
0.00472498919423392,1.26895913998606,1.26816147017867,1.26975680979346,"Prevalence",0.992527189741387
0.0047320862119413,1.27088457809488,1.27008087002054,1.27168828616922,"Prevalence",0.992527189741387
0.00473918322964869,1.27281001620369,1.27200026440433,1.27361976800306,"Prevalence",0.992527189741387
0.00474628024735607,1.27473545431251,1.27391965345134,1.27555125517367,"Prevalence",0.992527189741387
0.00475337726506346,1.27666089242132,1.27583903727943,1.27748274756322,"Prevalence",0.992527189741387
0.00476047428277084,1.27858633053014,1.27775841600307,1.2794142450572,"Prevalence",0.992527189741387
0.00476757130047823,1.28051176863895,1.27967778973354,1.28134574754437,"Prevalence",0.992527189741387
0.00477466831818561,1.28243720674777,1.28159715857896,1.28327725491657,"Prevalence",0.992527189741387
0.004781765335893,1.28436264485658,1.28351652264447,1.2852087670687,"Prevalence",0.992527189741387
0.00478886235360038,1.2862880829654,1.28543588203226,1.28714028389853,"Prevalence",0.992527189741387
0.00479595937130776,1.28821352107421,1.28735523684173,1.28907180530669,"Prevalence",0.992527189741387
0.00480305638901515,1.29013895918303,1.28927458716954,1.29100333119651,"Prevalence",0.992527189741387
0.00481015340672253,1.29206439729184,1.29119393310972,1.29293486147396,"Prevalence",0.992527189741387
0.00481725042442992,1.29398983540066,1.29311327475375,1.29486639604756,"Prevalence",0.992527189741387
0.0048243474421373,1.29591527350947,1.29503261219066,1.29679793482828,"Prevalence",0.992527189741387
0.00483144445984469,1.29784071161829,1.29695194550708,1.29872947772949,"Prevalence",0.992527189741387
0.00483854147755207,1.2997661497271,1.29887127478733,1.30066102466687,"Prevalence",0.992527189741387
0.00484563849525946,1.30169158783592,1.30079060011352,1.30259257555831,"Prevalence",0.992527189741387
0.00485273551296684,1.30361702594473,1.30270992156559,1.30452413032387,"Prevalence",0.992527189741387
0.00485983253067423,1.30554246405355,1.30462923922137,1.30645568888572,"Prevalence",0.992527189741387
0.00486692954838161,1.30746790216236,1.30654855315668,1.30838725116804,"Prevalence",0.992527189741387
0.004874026566089,1.30939334027117,1.3084678634454,1.31031881709695,"Prevalence",0.992527189741387
0.00488112358379638,1.31131877837999,1.31038717015947,1.31225038660051,"Prevalence",0.992527189741387
0.00488822060150376,1.3132442164888,1.31230647336901,1.3141819596086,"Prevalence",0.992527189741387
0.00489531761921115,1.31516965459762,1.31422577314235,1.31611353605289,"Prevalence",0.992527189741387
0.00490241463691853,1.31709509270643,1.31614506954611,1.31804511586675,"Prevalence",0.992527189741387
0.00490951165462592,1.31902053081525,1.31806436264522,1.31997669898528,"Prevalence",0.992527189741387
0.0049166086723333,1.32094596892406,1.31998365250297,1.32190828534515,"Prevalence",0.992527189741387
0.00492370569004069,1.32287140703288,1.32190293918111,1.32383987488464,"Prevalence",0.992527189741387
0.00493080270774807,1.32479684514169,1.32382222273984,1.32577146754354,"Prevalence",0.992527189741387
0.00493789972545546,1.32672228325051,1.32574150323789,1.32770306326313,"Prevalence",0.992527189741387
0.00494499674316284,1.32864772135932,1.32766078073253,1.32963466198612,"Prevalence",0.992527189741387
0.00495209376087023,1.33057315946814,1.32958005527967,1.33156626365661,"Prevalence",0.992527189741387
0.00495919077857761,1.33249859757695,1.33149932693385,1.33349786822006,"Prevalence",0.992527189741387
0.004966287796285,1.33442403568577,1.33341859574829,1.33542947562325,"Prevalence",0.992527189741387
0.00497338481399238,1.33634947379458,1.33533786177495,1.33736108581422,"Prevalence",0.992527189741387
0.00498048183169976,1.3382749119034,1.33725712506454,1.33929269874225,"Prevalence",0.992527189741387
0.00498757884940715,1.34020035001221,1.33917638566659,1.34122431435784,"Prevalence",0.992527189741387
0.00499467586711453,1.34212578812103,1.34109564362944,1.34315593261262,"Prevalence",0.992527189741387
0.00500177288482192,1.34405122622984,1.34301489900031,1.34508755345938,"Prevalence",0.992527189741387
0.0050088699025293,1.34597666433866,1.34493415182531,1.34701917685201,"Prevalence",0.992527189741387
0.00501596692023669,1.34790210244747,1.34685340214949,1.34895080274545,"Prevalence",0.992527189741387
0.00502306393794407,1.34982754055629,1.34877265001686,1.35088243109571,"Prevalence",0.992527189741387
0.00503016095565146,1.3517529786651,1.35069189547042,1.35281406185978,"Prevalence",0.992527189741387
0.00503725797335884,1.35367841677392,1.35261113855219,1.35474569499565,"Prevalence",0.992527189741387
0.00504435499106623,1.35560385488273,1.35453037930322,1.35667733046224,"Prevalence",0.992527189741387
0.00505145200877361,1.35752929299155,1.35644961776365,1.35860896821944,"Prevalence",0.992527189741387
0.005058549026481,1.35945473110036,1.35836885397272,1.360540608228,"Prevalence",0.992527189741387
0.00506564604418838,1.36138016920918,1.36028808796878,1.36247225044957,"Prevalence",0.992527189741387
0.00507274306189576,1.36330560731799,1.36220731978934,1.36440389484664,"Prevalence",0.992527189741387
0.00507984007960315,1.3652310454268,1.36412654947107,1.36633554138254,"Prevalence",0.992527189741387
0.00508693709731053,1.36715648353562,1.36604577704983,1.36826719002141,"Prevalence",0.992527189741387
0.00509403411501792,1.36908192164443,1.36796500256071,1.37019884072816,"Prevalence",0.992527189741387
0.0051011311327253,1.37100735975325,1.36988422603801,1.37213049346849,"Prevalence",0.992527189741387
0.00510822815043269,1.37293279786206,1.37180344751532,1.37406214820881,"Prevalence",0.992527189741387
0.00511532516814007,1.37485823597088,1.37372266702548,1.37599380491628,"Prevalence",0.992527189741387
0.00512242218584746,1.37678367407969,1.37564188460062,1.37792546355877,"Prevalence",0.992527189741387
0.00512951920355484,1.37870911218851,1.37756110027221,1.37985712410481,"Prevalence",0.992527189741387
0.00513661622126223,1.38063455029732,1.37948031407103,1.38178878652362,"Prevalence",0.992527189741387
0.00514371323896961,1.38255998840614,1.38139952602721,1.38372045078506,"Prevalence",0.992527189741387
0.005150810256677,1.38448542651495,1.38331873617026,1.38565211685964,"Prevalence",0.992527189741387
0.00515790727438438,1.38641086462377,1.38523794452906,1.38758378471848,"Prevalence",0.992527189741387
